question_title,answer_url,author_name,author_url,author_ip,fans_count,created_time,updated_time,comment_count,voteup_count,content
一只流浪狗犯错，却要所有流浪狗共同承担，这折射出了什么社会现实？,https://www.zhihu.com/question/628287767/answer/3270931164,Kuma酱,https://www.zhihu.com/people/kumajiang-4,IP属地未知,396,2023-10-31T00:40:15.000Z,2023-10-31T00:40:15.000Z,25,1308,成群的灰狼能在光天化日之下随意出入智人巢穴袭击智人幼崽，这是所有智人成年个体共同的耻辱
一只流浪狗犯错，却要所有流浪狗共同承担，这折射出了什么社会现实？,https://www.zhihu.com/question/628287767/answer/3271328602,知乎用户,https://www.zhihu.com/people/,IP属地未知,2424,2023-10-31T05:21:46.000Z,2023-10-31T05:21:46.000Z,51,704,你家里出现一只蟑螂，你还满屋撒药要对其进行满门抄斩呢。蟑螂又没咬你，只不过在你面前爬过而已。更何况蟑螂连错都没犯，你不也对它们喊打喊杀吗？蟑螂就不是生命了吗？
一只流浪狗犯错，却要所有流浪狗共同承担，这折射出了什么社会现实？,https://www.zhihu.com/question/628287767/answer/3270876586,闻音知弦,https://www.zhihu.com/people/wen-yin-zhi-xian,IP属地未知,233,2023-10-30T23:39:22.000Z,2023-10-30T23:39:22.000Z,9,375,一个贪官被抓，上下准备严打可这又不碍着你小老百姓
一只流浪狗犯错，却要所有流浪狗共同承担，这折射出了什么社会现实？,https://www.zhihu.com/question/628287767/answer/3269704902,qinpc,https://www.zhihu.com/people/qinpc,IP属地未知,357,2023-10-30T01:35:02.000Z,2023-10-30T01:35:02.000Z,5,316,折射出“和稀泥和久了大家就习以为常了”。流浪狗，不规范养犬行为早二十年就该管了，非得到今天，伤人上热搜了才知道管，然后弃狗的主人早找不到了。这事如果早管，流浪狗一来不会繁衍这么多，二来弃狗的狗主人该罚罚该判判，一点问题都不会有。
一只流浪狗犯错，却要所有流浪狗共同承担，这折射出了什么社会现实？,https://www.zhihu.com/question/628287767/answer/3273604513,一张,https://www.zhihu.com/people/qiu-bi-xu-22,IP属地未知,419,2023-11-02T01:21:14.000Z,2023-11-02T01:21:14.000Z,12,246,一只搜救犬救人，却要所有狗享受它的贡献，这折射出什么社会现实?
一只流浪狗犯错，却要所有流浪狗共同承担，这折射出了什么社会现实？,https://www.zhihu.com/question/628287767/answer/3269198133,Moissan,https://www.zhihu.com/people/mossian-55,IP属地未知,1752,2023-10-29T11:48:05.000Z,2023-10-29T11:48:05.000Z,21,196,你为狗发声，也不愿意关注巴勒斯坦和以色列无辜的平民物伤其类
一只流浪狗犯错，却要所有流浪狗共同承担，这折射出了什么社会现实？,https://www.zhihu.com/question/628287767/answer/3271357657,我还只是个孩子啊,https://www.zhihu.com/people/jin-niu-wang-yue,IP属地未知,2565,2023-10-31T05:46:49.000Z,2023-10-31T05:46:49.000Z,1,179,感谢各位知乎大佬们的好图……
一只流浪狗犯错，却要所有流浪狗共同承担，这折射出了什么社会现实？,https://www.zhihu.com/question/628287767/answer/3271004333,飘流瀚海,https://www.zhihu.com/people/piao-liu-han-hai,IP属地未知,181,2023-10-31T01:33:02.000Z,2023-10-31T01:33:27.000Z,29,178,当你发现屋里有一只蟑螂时，屋里真的只有一只蟑螂吗？当你网上看到一只流浪狗咬人时，你真的信只有一只吗？要诚实回答呦。
一只流浪狗犯错，却要所有流浪狗共同承担，这折射出了什么社会现实？,https://www.zhihu.com/question/628287767/answer/3269155497,三水哥,https://www.zhihu.com/people/86-14-57-31-35,IP属地未知,82,2023-10-29T10:59:45.000Z,2023-10-29T10:59:45.000Z,16,162,你写了那么多字，通篇都透露出“委屈”二字。站在狗的立场，确实是委屈，但是，畜牲是没有人权的。你如果觉得生命是平等的，那你凭什么把和你平等的动物杀了吃肉？你凭什么把和你平等的动物拴上狗绳圈禁起来，甚至断尾，阉割？只要你不反对吃肉，不反对养宠物，那你其实就是认可众生不平等。威胁到人类安全的东西，就应该被清理。这点真该学学西方国家，对养狗人那是真的严管重罚，对流浪狗那是真抓真杀。
一只流浪狗犯错，却要所有流浪狗共同承担，这折射出了什么社会现实？,https://www.zhihu.com/question/628287767/answer/3270617179,钟文,https://www.zhihu.com/people/zhong-wen-40-43,IP属地未知,112669,2023-10-30T13:38:34.000Z,2023-10-30T13:38:34.000Z,4,133,
一只流浪狗犯错，却要所有流浪狗共同承担，这折射出了什么社会现实？,https://www.zhihu.com/question/628287767/answer/3269718293,ICTG,https://www.zhihu.com/people/ictg,IP属地未知,145,2023-10-30T01:43:58.000Z,2023-10-30T01:43:58.000Z,29,131,今天卖猫卖狗，明天就会卖人卖肾今天给猫狗绝育，明天就会伤害他人今天遗弃猫狗，明天就会把人轰出家门猫狗是人类的朋友，不是人类的商品保护动物，从禁止遗弃、禁止买卖、禁止伤害开始如果你不支持禁止买卖动物，那你的善良和奴隶主的良心没什么区别如果你是真正有爱心的人，那么就呼吁禁止买卖、伤害、遗弃动物吧
一只流浪狗犯错，却要所有流浪狗共同承担，这折射出了什么社会现实？,https://www.zhihu.com/question/628287767/answer/3269184917,乌麻布,https://www.zhihu.com/people/zhang-dong-bei-87,IP属地未知,14085,2023-10-29T11:33:58.000Z,2023-10-29T11:33:58.000Z,44,125,错了，这两个事情没有逻辑关系，至少没有因果关系。不是一只狗犯错就要杀所有狗，这个逻辑是不成立的。没有发生成都的狗咬人事件，流浪狗就不应该清理了吗？正确的说法是流浪狗管理一直都应该做，这点各省各市的养狗条例都说的很清楚了。但是因为地方懒政的原因，一直没有好好落实。以至于导致了很多人被咬。知道成都事件爆发，点燃了这么多年大众对不文明养狗行为和流浪狗的不满，所以才有所行动。而且目前的行动压根就不够。连摆摆样子都不算，我前两天还看到了流浪狗和不栓绳的养狗人，还是没人管。举个例子就是我们现在的交通法规也有对电动车的管理。但是在实际执行上，懒政现象十分严重。很多电动车私自改造，超速，逆行，人行道行驶，闯红灯等等问题非常严重，但是没人管而已。如果有一天真有这么一个电动车把一个2岁的小女孩儿给撞到ICU去了。引起来众怒。你是不是也要问一句，其他电动车也没错啊？为什么要管理所有电动车啊？很简单的道理，小学生都能明白。偏偏这么多人装不懂，还真忽悠了一帮人，我也是服了。再说一遍，不管有没有狗咬人事件，流浪狗都需要清理，要么捕杀，要么领养。现在没有这么人愿意领养的情况下，只能捕杀。而这些都是养狗人造的孽，流浪狗都是他们遗弃的，或者被遗弃的狗生的。这些人才是罪魁祸首。
一只流浪狗犯错，却要所有流浪狗共同承担，这折射出了什么社会现实？,https://www.zhihu.com/question/628287767/answer/3271849917,Maga,https://www.zhihu.com/people/maga-82,IP属地未知,713,2023-10-31T12:35:41.000Z,2023-10-31T12:35:41.000Z,9,106,折射出了狗始终都不是人。一个小偷被剁手，这个镇子的小偷都会老实几天。不是因为剁手本身，而是因为小偷可以把剁手和自己的行为结合起来，他们会感到恐惧从而约束自己。狗不行。你今天把这只咬人的狗抓去宰了，完全不影响明天另一只狗咬人，它们的智商并不理解这之间的关系。所以打包烩了才能解决问题。
一只流浪狗犯错，却要所有流浪狗共同承担，这折射出了什么社会现实？,https://www.zhihu.com/question/628287767/answer/3269707857,薛定谔的老猫,https://www.zhihu.com/people/xue-ding-e-de-lao-mao,IP属地未知,2738,2023-10-30T01:37:09.000Z,2023-10-30T01:37:09.000Z,1,99,大错特错。不是让流浪狗承担错误。而是一只狗犯下了滔天罪恶，引起顶层注视，揭开了猫狗教的重重黑幕，让迟来了二十年惩罚这才降临到二十年前就该被清理的流浪狗头上。不是流浪狗承担什么，而是它们的罪恶迟了二十年才被清算而已。
一只流浪狗犯错，却要所有流浪狗共同承担，这折射出了什么社会现实？,https://www.zhihu.com/question/628287767/answer/3271660075,倚枪笑红尘,https://www.zhihu.com/people/yi-qiang-xiao-hong-chen-bx,IP属地未知,463,2023-10-31T09:27:07.000Z,2023-10-31T09:27:07.000Z,4,89,折射出曾经那个率兽食人的旧社会正在跨出棺材，重回现世，不过万幸的是才迈出一只脚，虽然它的尸臭早就弥漫世间了。居然要等到流浪狗对人类犯下不可饶恕的罪过，才开始清理流浪狗。折射出了口口声声人民名义的统治者实际施行的所谓善政也是为了自己的利益，这次事件影响太大，化形狗畜的孝敬弥补不了社会动荡造成的损失，所以才象征性的收拾一下流浪狗，真正治标的手段绝对不用。
一只流浪狗犯错，却要所有流浪狗共同承担，这折射出了什么社会现实？,https://www.zhihu.com/question/628287767/answer/3271545256,维森,https://www.zhihu.com/people/wei-sen-33,IP属地未知,15582,2023-10-31T08:05:17.000Z,2023-10-31T08:05:17.000Z,1,79,折射出了，早就该清理的满地垃圾，现在成了垃圾堆，影响到了大众的生活，正要下功夫清理，跑出一大群靠着垃圾赚钱的阻拦，叫嚣着“你们把我们赖以生存垃圾堆清理了以后我们靠什么过活呀”。
一只流浪狗犯错，却要所有流浪狗共同承担，这折射出了什么社会现实？,https://www.zhihu.com/question/628287767/answer/3273555021,渺如烟,https://www.zhihu.com/people/yuan-xi-ruo,IP属地未知,141,2023-11-02T00:45:33.000Z,2023-11-02T00:45:33.000Z,0,72,折射出了赛博动保人士的虚伪讲个动保笑话B站某UP的暹罗猫跑了两层楼就被动保人士“捡”走去宣传“爱心”了
一只流浪狗犯错，却要所有流浪狗共同承担，这折射出了什么社会现实？,https://www.zhihu.com/question/628287767/answer/3270003455,发发,https://www.zhihu.com/people/yishu-99,IP属地未知,122,2023-10-30T05:08:31.000Z,2023-10-30T05:09:12.000Z,0,69,说明流浪狗伤人是普遍现象，每年的狂犬疫苗数据是佐证。
一只流浪狗犯错，却要所有流浪狗共同承担，这折射出了什么社会现实？,https://www.zhihu.com/question/628287767/answer/3272630000,不会开车的屠夫,https://www.zhihu.com/people/bu-hui-kai-che-de-tu-fu,IP属地未知,11,2023-11-01T05:27:25.000Z,2023-11-01T05:27:46.000Z,3,66,反问题主一个问题：一个人酒后醉驾出了事故，造成至少一人死亡的严重后果，却要所有酒驾、醉驾的司机共同承担，轻者行政拘留，重者判刑坐牢，甚至连累儿女和孙子、孙女，这事，又折射出了什么社会现实？很诧异题主思考的方向，为什么题主不责问造成流浪狗泛滥的源头，却把矛头对准遵循现有法律处理流浪狗的人们？
一只流浪狗犯错，却要所有流浪狗共同承担，这折射出了什么社会现实？,https://www.zhihu.com/question/628287767/answer/3273494772,爬树的鱼,https://www.zhihu.com/people/pa-shu-de-yu-53,IP属地未知,331,2023-11-01T23:39:33.000Z,2023-11-01T23:39:33.000Z,1,60,出了恶性事件，全国扫黑除恶。 一个黑社会犯错却要所有的黑社会共同承担，这折射出了什么社会现实？
一只流浪狗犯错，却要所有流浪狗共同承担，这折射出了什么社会现实？,https://www.zhihu.com/question/628287767/answer/3271912105,一贱曾当百万师,https://www.zhihu.com/people/archer-68-4,IP属地未知,505,2023-10-31T13:41:56.000Z,2023-10-31T13:41:56.000Z,1,55,这反应了有关部门的不作为。本来应该常态化的管理，非要出点啥事才知道该做事了。
一只流浪狗犯错，却要所有流浪狗共同承担，这折射出了什么社会现实？,https://www.zhihu.com/question/628287767/answer/3271228251,知乎用户,https://www.zhihu.com/people/,IP属地未知,3504,2023-10-31T03:54:38.000Z,2023-10-31T04:23:34.000Z,1,49,在人的权利得到合理的保障之前，不谈任何狗权。昨天傍晚出门散步，看见一只狗对着一家餐馆准备第二天用的食材撒尿，一抬腿一收腿也就三秒钟的事情。如果我把这一幕拍下来放到网上，这家小店可能就要倒闭了，我只能选择默默离开，以后不去这家店。已经够了。我们普通不养狗人的诉求就是站起来说不，不要再有满街的狗屎，不牵绳的野狗，霸道的狗主人。支持全民全面扑杀流浪狗，支持城市禁养狗。折射了什么社会问题？折射出了普通人为何要被逼到忍无可忍才会站出来捍卫自己本就应有的权利这个社会问题。
一只流浪狗犯错，却要所有流浪狗共同承担，这折射出了什么社会现实？,https://www.zhihu.com/question/628287767/answer/3269238670,飓风,https://www.zhihu.com/people/ju-feng-42-31,IP属地未知,236,2023-10-29T12:29:38.000Z,2023-11-01T03:10:02.000Z,3,48,一只蚊子咬了我，也会有蚊子咬其他人。蚊子会咬人就是事实。流浪狗可能会咬人就是事实，或许你接触的流浪狗都是温顺又可怜，但是狗有狩猎和撕咬的本能，是有伤害人的能力的，一旦遇到饥饿，患病或是性情暴烈的狗，就可能会有危险，尤其是孩子和老人。狗是欺软怕硬的，农村人都知道，你越跑狗越追，你弯腰捡个棍子或砖头它立刻就老实了，狗奴才就是这个道理。那些自身处于安全环境或者有自保能力的人，呼吁所有人要对流浪狗爱护包容，却对解决办法只字不提，我只能说这是站着说话不腰疼。
一只流浪狗犯错，却要所有流浪狗共同承担，这折射出了什么社会现实？,https://www.zhihu.com/question/628287767/answer/3273945086,MAGA,https://www.zhihu.com/people/46-84-52-94,IP属地未知,102,2023-11-02T05:29:56.000Z,2023-11-02T05:29:56.000Z,0,47,折射出了要严格执法不活稀泥的现实。早一点严格执法，就不会有这么多流浪动物。
一只流浪狗犯错，却要所有流浪狗共同承担，这折射出了什么社会现实？,https://www.zhihu.com/question/628287767/answer/3273081975,可乐,https://www.zhihu.com/people/ke-le-18-84,IP属地未知,2,2023-11-01T11:26:39.000Z,2023-11-01T11:26:39.000Z,29,47,一个城市的黑社会伤人却连累了全国的黑社会共同承担扫黑除恶，这折射出了什么社会现实？
一只流浪狗犯错，却要所有流浪狗共同承担，这折射出了什么社会现实？,https://www.zhihu.com/question/628287767/answer/3321220732,金陵小老头,https://www.zhihu.com/people/3-72-1-41,IP属地未知,20701,2023-12-11T03:04:23.000Z,2023-12-11T03:04:23.000Z,2,44,又想误导大家？犯错的是流浪狗吗？作为一只狗，生存是它的本能保护领地是理所应当的事情它就是把遗弃它的人给吃了，我都不觉得这条狗有错真正有错的是另外两个人群一个是养狗的，你养了它又遗弃了它，你还有责任心吗？还有人性吗？另外一个就是城市管理者连条狗都管不了，怎么好意思为人民服务的？根本不配，你知道吗？所以应该承担责任的是养狗人群和当地领导可是你没有权力扑杀领导和爱狗人士……所以领导和爱狗人士就拿流浪狗背锅了这折射出了权责不对等的社会现实我也不知道该怎么解决
一只流浪狗犯错，却要所有流浪狗共同承担，这折射出了什么社会现实？,https://www.zhihu.com/question/628287767/answer/3271318778,小笼包,https://www.zhihu.com/people/xiao-long-bao-17-92,IP属地未知,24,2023-10-31T05:12:34.000Z,2023-10-31T05:12:34.000Z,0,44,一个强奸犯犯错，所有强奸犯共同承担你有没有搞清楚，强奸犯就是罪犯
一只流浪狗犯错，却要所有流浪狗共同承担，这折射出了什么社会现实？,https://www.zhihu.com/question/628287767/answer/3271717607,知乎用户,https://www.zhihu.com/people/,IP属地未知,3712,2023-10-31T10:16:06.000Z,2023-10-31T10:16:06.000Z,3,43,"首先每年被咬的人保守估计上千万,并不是一条流浪狗,而是有4000万条流浪狗其次,一辆车撞人,所有车买保险一个人闯祸,所有人戴头盔凭什么养狗就可以例外?"
一只流浪狗犯错，却要所有流浪狗共同承担，这折射出了什么社会现实？,https://www.zhihu.com/question/628287767/answer/3272345531,江南忆,https://www.zhihu.com/people/lsl-18-5,IP属地未知,2209,2023-11-01T02:04:59.000Z,2023-11-01T02:06:02.000Z,2,39,当蚊子在你身边飞来飞去的时候，你想都不想就把它打死了。如果是在家里，你还会点起蚊香，来个无差别攻击。问题是，蚊子不一定咬你，它可能只不过是从你面前飞过而已。更何况它还可能是从不咬人的公蚊子。但这仍然阻止不了你痛下杀手。蚊子就不是生命了吗？
一只流浪狗犯错，却要所有流浪狗共同承担，这折射出了什么社会现实？,https://www.zhihu.com/question/628287767/answer/3283114027,战力旺盛的波伏娃,https://www.zhihu.com/people/shi-jie-wei-ba-zhu-yi-ke-cheng,IP属地未知,244,2023-11-09T13:43:32.000Z,2023-11-09T13:43:32.000Z,3,38,折射出的是懒政，不作为的社会现实（当然也有社会资源不足的原因）。是因为一条狗咬伤了小女孩，而且是危及生命的重伤，所以才开始清理流浪狗。问题是清理流浪狗是本来就应该做的事情，不应该等到咬人了再来做。这就好像有人在闹市埋下炸弹，结果非要等到炸弹爆炸伤人才去处理，难道不应该在伤人之前就把炸弹拆除吗？不过亡羊补牢，为时不晚。希望政府能因为这次伤人事件下定决心彻底清除流浪狗，不要像之前那样的半途而废了。
一只流浪狗犯错，却要所有流浪狗共同承担，这折射出了什么社会现实？,https://www.zhihu.com/question/628287767/answer/3269070907,龙宫岛,https://www.zhihu.com/people/long-gong-dao,IP属地未知,125,2023-10-29T09:19:19.000Z,2023-10-29T09:19:19.000Z,33,38,家里有一只蟑螂恶心你，你为什么要灭蟑螂全家？有没有想过蟑螂为什么要寄生在你家？是人错了，人造了房子，还在家里藏食物，罪大恶极，蟑螂能有什么错？为什么要株连九族？出现野狗伤人就代表野狗数量已经到一个密度了，城市里的垃圾食物已经无法维持野狗数量，他们无法继续依靠垃圾为食，要开始狩猎了。这个时候不减少野狗数量，那接下来会越来越危险。在大自然，狼群太多，食物不够，狼会饿死。但在城市里到处都有走来走去的肉，饿肯定是饿不死的，只能人为控制数量。野狗问题无法根治，只能定期清理，维持一个安全的密度。
一只流浪狗犯错，却要所有流浪狗共同承担，这折射出了什么社会现实？,https://www.zhihu.com/question/628287767/answer/3270566656,临溪,https://www.zhihu.com/people/liu-jian-83-21,IP属地未知,12973,2023-10-30T12:48:04.000Z,2023-10-30T12:48:04.000Z,0,38,"研究发现：治理狗患问题，需要有下面两个关键点。第一个关键点：全面清理流浪狗。我国的《动物防疫法》第三十条第三款已经明文规定：应当对流浪犬进行全面捕杀处置。将流浪狗消灭之后会发生什么？世界终于清净了，大家能安心睡眠了，狗无法继续吠叫扰民了。环境变好了，狗无法继续拉屎了。群众安全了，狗无法继续咬人了，也无法继续传播狂犬病毒了。第二个关键点：看清文明养犬的谎言，全面禁止饲养宠物狗。人犬矛盾已经到了不可调和的地步。文明养狗这种粉饰太平的谎言已经越来越没有人相信了。1994年之前，城市禁止养犬的。中国小动物协会的头目芦荻在美国和美国的动保人士进行了交流，回国之后，开始破坏城市禁犬令。1994年底，在中国小动物协会的芦荻处心积虑的破坏下，把城市禁狗令改成了所谓的文明养犬。1994年底取消城市禁狗令到现在快三十年了，一直就是喊着文明养犬的口号，但其实狗伤人越来越多，全国十几亿人试错三十年，时间已经证明了所谓“文明养狗”就是一句骗人的空话。恶犬伤人事件比比皆是，我们的社会在为狗患付出巨大的代价。一次又一次地惨痛悲剧发生，我们不应该沿着文明养犬的老路。是时候恢复城市禁狗令了。如今，爱狗人士没有任何资格谈法治，因为他们今天获得的这些所谓的“养狗的权利""是有原罪的，从一开始就是没有取得多数公民的同意。是爱狗人士凭借自己会闹会骗的不正当手段抢夺来的权利。大家还记得武汉怕狗人士卢孝林被爱狗人士逼得跳楼的惨剧吗？卢孝林和很多人一样，都是从小害怕狗。后来被小区中的很多宠物狗侵扰。卢孝林天真地劝说狗主人文明养犬，但是这些爱狗人士抱团，欺凌卢孝林，活活把卢孝林逼死。无数的惨剧告诉我们：文明养狗是最大的谎言。幻想文明养狗，最终只能是死路一条。河南王新刚事件以及武汉卢孝林事件都证明了文明养狗的口号毫无作用。其中卢孝林事件是证明了文明养犬永远不可能实现。而河南王新刚事件则说明万一少数人做到了文明养狗，依然没有用的。拴着绳子的狗一样咬人。证明文明养犬没有用的例子还有很多。以前城市禁止养狗，那时候的城市人口密度还没有现在的大，都禁止了。现在人口密度更大了，涉及狗的问题更严重反而不管了，是城市管理的倒退。现在我们的城市居住环境根本不适合养狗。越来越多的人都知道文明养犬是谎言，无数群众要求恢复城市禁止养犬。"
一只流浪狗犯错，却要所有流浪狗共同承担，这折射出了什么社会现实？,https://www.zhihu.com/question/628287767/answer/3271451046,三浦大僧正,https://www.zhihu.com/people/san-pu-da-seng-zheng,IP属地未知,51,2023-10-31T06:57:09.000Z,2023-10-31T06:57:09.000Z,2,38,一些养狗的不办证、出门不牵绳、狗随地大小便不管，却要所有养狗的共同挨骂，这折射出了什么社会现实？
一只流浪狗犯错，却要所有流浪狗共同承担，这折射出了什么社会现实？,https://www.zhihu.com/question/628287767/answer/3274767617,张文远,https://www.zhihu.com/people/zhang-wen-yuan-80-47,IP属地未知,1090,2023-11-02T22:52:44.000Z,2023-11-02T22:52:44.000Z,1,36,一只醉驾者犯错，却要所有饮酒人共同承担，这折射出了什么社会现实？
一只流浪狗犯错，却要所有流浪狗共同承担，这折射出了什么社会现实？,https://www.zhihu.com/question/628287767/answer/3281300770,文刀半瞎,https://www.zhihu.com/people/wendaobanxia,IP属地未知,81883,2023-11-08T06:51:47.000Z,2023-11-08T06:51:47.000Z,3,34,题目有两个陷阱。第一个：弱化错误。题目说一只流浪狗犯错。这是一只两只吗？肯定不是。这仅仅只是流浪狗吗？也不是，家养宠物狗咬死咬伤的案例也非常多。第二个就是夸大。让所有狗买单。有让所有狗买单吗？并没有。咱们国家有23个省，5个自治区，4个直辖市，2个特别行政区，几十个地区，600多个市，有2862个县区，又有多少地方捕杀流浪狗，规范遛狗牵绳，禁止饲养大型犬？并没有多少。……退一万步讲，即便有一天，咱们国家从上到下出台统一规定，市区和小区禁止饲养大型犬。规范遛狗牵绳和饲养行为准则行为规范。禁止遗弃宠物，违者行政处罚，甚至刑事拘留。捕捉流浪狗，让社会人员领养，无人领养就出台统一规定，按规定处理，例如学美国，直接安乐死。这对于流浪狗，对于那些疯魔的爱狗人士来说，难道不是利好消息？毕竟，狗是不受法治约束，它们不懂法，也不需要懂法，咬了人不需要负法律责任。
一只流浪狗犯错，却要所有流浪狗共同承担，这折射出了什么社会现实？,https://www.zhihu.com/question/628287767/answer/3273419551,Charlotte,https://www.zhihu.com/people/charlotte-86-26-1,IP属地未知,114,2023-11-01T17:41:17.000Z,2023-11-01T17:41:17.000Z,15,33,"真正的问题不在狗上，在极端""爱狗人士""身上我也养狗，我咋不担心我狗被打死，投食毒死，咬小孩，尿轮胎被毒死？我居然违反狗德狗纪让狗子在家上厕所！居然从小抱着狗上下楼梯，就是为了训练他在外面只在草坪尿尿的习惯。居然出门牵绳！看到小孩，只要小孩想摸我的狗，我抱着狗就跑，谁也别想追上我。狗群一概不加，拒绝被拉扯和他们一起找城管理论。我喜欢的是我的狗，不是""爱狗人士""，""爱狗人士""的任何所作所为关我们合法养狗人什么事。我的狗除了我家人给的吃的，别人喂到嘴边都不吃。这些事明明很容易做到啊，更何况只是简单的牵绳。当我们在讨论流浪狗时我们在讨论什么呢？从狗的品种角度: 大部分非纯血统（性格不太稳定，很敏感警惕，还有些奇怪的性状）从散养人的角度: 很可能是不道德的主人家放养的（会放养自己狗的主人，你猜会不会每年带狗打一次狂犬疫苗？你猜狗狗感染各种病的机率是低还是高？你再猜猜你打死了这种狗主人的狗，他会不会和你讲道理）- 这种狗主人才需要被处理，关家里少多少事啊从狗的繁殖角度: 真的没那么多人丢狗，你们小看了狗的强悍的繁殖能力和短暂繁殖周期，人类不干预的情况下，狗狗一年可以生两次，每次生2-12只。保守估计一只流浪母狗一年能带来2-24只小流浪狗。假设这些小狗因为各种原因一年存活率30%（参考狼幼崽的存活率）一年也有0-7只，其中母狗可能有0-3只。母狗八个月进入发情期，循环以往。从合法养狗人的角度: 相信我，普通养狗人比你们还讨厌""爱狗人士""，""爱狗人士""违法犯罪，兴风作浪，倒霉的都是我们老实养狗人，风评被害不说，遛狗被行注目礼，小孩看到我带狗尖叫着跑掉。。。从圣母白莲不出力不出钱，只出表言的角度：自己本身甚至不养猫狗的圣母白莲的茶言茶语……我一直都以为这玩意是雌竞小说里的龙傲天……没想到真有，还挺…符合小说的描写。仅凭猫猫狗狗可可爱爱的照片和视频就觉得猫猫狗狗这么好看，怎么会伤人呢？狗是狼的亚种灰狼啊大哥！小狼幼崽一岁前最爱玩的就是捕猎游戏，追踪，假咬，翻滚，撕咬都是正常操作，你告诉我这不是为了攻击，是为了什么。生物从寒武纪时代开始就大规模的进化出攻击性器官eg. 奇虾。你现在告诉我狗狗不会伤害人，没有任何攻击性，我五体投地啊大哥！狗和狼是靠羊甘地主动饿死自己，投喂的种群吗？""爱狗人士""是真的坏，随时用它们的正义威胁到普通人的人身安全和财产安全。法律应该把它们归类成邪教判刑。""散养人""大概率是有点小蠢，罚点钱算了。""冤种养狗人"" 我们会挑选一些身体健康的小奶狗从小养。这样的收养承诺我本人可以给到。每个月狗粮含肉量30%+冻干+羊奶粉的基本保障在我能力范围内。但是说真的，去收养一只成年了，还流浪过，性格不稳定，体型不小，还敏感，身体还有残疾的狗，我会害怕且难受，因为我真的和它们接触过，也试着带回家过。捡到过两只，一只很肥的柴犬，好像是母狗发情期捡到的，爆冲，疯狂爆冲，根本拉不住。后面两天，徒步走完了好几公里的附近小区给他找主人，一无所获。关键这狗也不认我，每次看到我动牵引绳就过分兴奋，根本控制不住自己感觉下一秒就要咬我。带去宠物公厕让他便便，好家伙拉完就跑，我越追他越跑就跑丢了。成年狗真的很难养熟。""圣母白莲""这种剧毒，能不能给它们每个人配个龙傲天打发时间。事做了吗？概念弄清楚了吗？不同品种的狗的生活习性摸清楚了吗？收养过吗？捐过狗粮和钱吗？有训犬能力吗？做过义工吗？综上所述，大冤种普通养狗人遭受了你们想象不到的无妄之灾。但是我们的力量杯水车薪。我们也渴望立法。也不认同流浪猫狗的拯救方案需要动用国家蔡振。也不认同猫狗的性命与生存权应该放置与他人之上。一个简陋的proposalZF划一块远郊的地专门用于流浪狗收容狗粮由""爱狗人士""和养狗人捐赠，麻烦开两个通道，不想和""爱狗人士""走一样的捐款通道，也方便后期数据统计，到底""爱狗人士""捐赠了多少钱？捐赠了多少狗粮？（从没捐过款，收养过狗，做过义工的""爱狗人士""没有资格发言）基地运营者需要是家里和名下没有养过狗的中公党源，以保证公平公正的保障没有养狗人的权益。有任何过激行为的""爱狗人士""需要定期义务来做社区义工（他们要的美式的惩罚措施）来铲屎和打扫卫生。养狗人和""爱狗人士""志愿者做一个领养网站，显示每只收容的狗的性格，外貌，年龄，品种，体型，重量，以及身体疾病情况（必须公布不然对领养人不负责）。每只狗的收容时间最多只能对标美国7天，奶狗和狗妈多给点时间吧，奶狗头一个月都吃奶而且领养应该也很快。再久你们怎么对得起其他吃低保，拿助学金和每个月被扣那么多税的同胞！-- 一个冤种养狗人的简陋的提案"
一只流浪狗犯错，却要所有流浪狗共同承担，这折射出了什么社会现实？,https://www.zhihu.com/question/628287767/answer/3274436909,高兴,https://www.zhihu.com/people/hong-shi-46,IP属地未知,241,2023-11-02T12:03:54.000Z,2023-11-02T12:03:54.000Z,5,32,但本人始终觉得问题主要还是出在人的身上。说得对。所以应该先清理流浪狗流浪猫，然后严格管理。养猫养狗要考证，猫狗需要训练+上牌+芯片+预留DNA数据以便追查，施行积分+罚款+刑罚管理。出现无绳猫狗，捕捉动物 查询主人，第一次扣12分+罚款1000+重学科目一，第二次扣12分+罚款2000+重学科目一+拘留3天，第三次扣12分+罚款2000+判刑6个月+5年禁养+无害化处理动物。狗吠扰民扣1分+罚款200狗随地大小便不处理扣3分+罚款500不带嘴套扣6分+罚款1000狗攻击人按照主人故意伤害处理+狗无害化处理。欢迎补充。
一只流浪狗犯错，却要所有流浪狗共同承担，这折射出了什么社会现实？,https://www.zhihu.com/question/628287767/answer/3273033993,一哥,https://www.zhihu.com/people/yige-44-69,IP属地未知,113,2023-11-01T10:37:46.000Z,2023-11-01T10:37:46.000Z,0,31,就是说一个小偷杀人闯出祸了，你们怎么还在全城掀起反扒之风了呢？
一只流浪狗犯错，却要所有流浪狗共同承担，这折射出了什么社会现实？,https://www.zhihu.com/question/628287767/answer/3272806397,城南旧事,https://www.zhihu.com/people/wu-wu-chao-39,IP属地未知,2267,2023-11-01T07:42:49.000Z,2023-11-02T07:35:05.000Z,8,29,全国工作犬每年救人总数量约为3000人，全国每年流浪猫狗伤人事件总数量为4000万件，全国流浪猫狗数量1亿只，我就直说了：它们害的人，是它们救人数量的一万倍。而且，流浪猫狗40%都在伤人，这还是一年的数据。一年4000万件，两年就是8000万件，三年就是1.2亿，四年...燃鹅，爱狗人士总是拿前者数据来为自己和流浪猫狗洗地，却对后者数据只字不提。
一只流浪狗犯错，却要所有流浪狗共同承担，这折射出了什么社会现实？,https://www.zhihu.com/question/628287767/answer/3275427394,离思,https://www.zhihu.com/people/zhu-lin-53-15,IP属地未知,383,2023-11-03T07:48:02.000Z,2023-11-03T07:48:02.000Z,0,29,一条流浪狗犯错，所有流浪狗承担那么工作犬的功勋，流浪狗凭什么共享
一只流浪狗犯错，却要所有流浪狗共同承担，这折射出了什么社会现实？,https://www.zhihu.com/question/628287767/answer/3318766709,败灯,https://www.zhihu.com/people/29-11-38-36,IP属地未知,400,2023-12-08T16:32:54.000Z,2023-12-08T16:32:54.000Z,0,28,那为什么搜救犬救出幸存者，警犬协助警方抓捕犯人，军犬执行任务时，有人就把这些工作犬的功劳上升到所有狗身上?
一只流浪狗犯错，却要所有流浪狗共同承担，这折射出了什么社会现实？,https://www.zhihu.com/question/628287767/answer/3271948686,稳住我们能赢,https://www.zhihu.com/people/wangxin-1171,IP属地未知,69,2023-10-31T14:18:41.000Z,2023-10-31T14:20:14.000Z,0,28,清理流浪狗不是为了惩戒，是为了降低风险。爱狗人士都是一堆翻过来掉过去的车轱辘话。我现在也没明白，不清理流浪狗，流浪狗咬了人到底谁负责？狂犬疫苗也不是百分百生效，万一不生效致人死亡，谁来负责？爱狗人士来担这个责吗？
一只流浪狗犯错，却要所有流浪狗共同承担，这折射出了什么社会现实？,https://www.zhihu.com/question/628287767/answer/3271707486,陆仁贾,https://www.zhihu.com/people/wu-ya-81,IP属地未知,144786,2023-10-31T10:05:54.000Z,2023-10-31T10:06:25.000Z,1,27,流浪狗意味着风险：可能对不特定目标造成不同程度的伤害。权责这个人类的概念的前提是交换，狗的权建立在某个担责的主体（个人获机构）之上，而责也简单：满足担责主体的需求。建议所有反对捕杀流浪狗的人士站出来承担流浪狗带来的风险。翻译一下：流浪狗咬人你们这些反对捕杀的人负责。不负责别哔哔。
一只流浪狗犯错，却要所有流浪狗共同承担，这折射出了什么社会现实？,https://www.zhihu.com/question/628287767/answer/3316042190,用脚行走的鱼,https://www.zhihu.com/people/liu-de-ke-79,IP属地未知,247,2023-12-06T14:37:35.000Z,2023-12-06T14:37:35.000Z,1,27,12月4日，福建三明某高校内，两只流浪狗撕咬一只小鹿（山上跑下来的野生小鹿），被学生及时驱赶，幸未造成更严重的伤害。这则新闻，让我对之前有个视频博主关于流浪狗一个说法有了更深刻的了解：当流浪狗数量达到一定程度，将会形成“狩猎”效果，即激发狗的野性，形成一个狩猎团队，敢于对任何动物甚至人发起攻击，《野性的呼唤》说的就是这个道理。所以，并不一只流浪狗犯错了，是流浪狗有危害的可能性非常大，不要等到产生严重后果了再去治理了。
一只流浪狗犯错，却要所有流浪狗共同承担，这折射出了什么社会现实？,https://www.zhihu.com/question/628287767/answer/3317864571,鳌拜,https://www.zhihu.com/people/ao-bai-78-86,IP属地未知,70,2023-12-08T03:07:25.000Z,2023-12-08T03:07:25.000Z,0,26,说明亡羊补牢了，没有对事故和传染病隐患视而不见，国家在干实事。
一只流浪狗犯错，却要所有流浪狗共同承担，这折射出了什么社会现实？,https://www.zhihu.com/question/628287767/answer/3315507517,破碎南瓜,https://www.zhihu.com/people/po-sui-nan-gua-38-66,IP属地未知,0,2023-12-06T07:14:47.000Z,2023-12-07T07:14:58.000Z,0,26,折射出了养狗人士素质不高的社会现实，居然弄出这么多流浪狗使得流浪狗问题从零星个案变成了一个社会问题。
一只流浪狗犯错，却要所有流浪狗共同承担，这折射出了什么社会现实？,https://www.zhihu.com/question/628287767/answer/3269213917,知乎用户,https://www.zhihu.com/people/,IP属地未知,1781,2023-10-29T12:04:56.000Z,2023-10-29T12:04:56.000Z,7,26,说明社会以人为本
一只流浪狗犯错，却要所有流浪狗共同承担，这折射出了什么社会现实？,https://www.zhihu.com/question/628287767/answer/3270922968,火红的花生,https://www.zhihu.com/people/li-lin-63-13-18,IP属地未知,923,2023-10-31T00:33:25.000Z,2023-10-31T00:33:25.000Z,9,26,我靠，一人犯罪全家受罚你们说合情合理，结果这会跟流浪狗共情了？
一只流浪狗犯错，却要所有流浪狗共同承担，这折射出了什么社会现实？,https://www.zhihu.com/question/628287767/answer/3269439499,真实姓名,https://www.zhihu.com/people/luo-yan-56-33,IP属地未知,1551,2023-10-29T15:51:00.000Z,2023-10-29T15:51:00.000Z,2,26,体现了日子人畏惧风险的现实。流浪狗咬了人，你不赔，国家也不赔，受害者要自认倒霉。潜在受害者不愿意自认倒霉就要提前扑杀掉所有流浪狗以排除风险。这次咬人的狗恰恰不是流浪狗，是有主人的。小女孩被咬的重伤还能找到人赔偿。那么，过去被流浪狗咬伤的人怎么办了呢？认了呗，要是把狗打死还会被爱狗人士网暴。但这种认命下潜伏着怒气，怒气积攒爆发成你现在看到的运动。流浪狗死活日子人是不管的。如果爱狗人士组织起来，主动赔偿受害者的权益损失，那么日子人是可以与流浪狗共存的。
一只流浪狗犯错，却要所有流浪狗共同承担，这折射出了什么社会现实？,https://www.zhihu.com/question/628287767/answer/3308042848,轻舞,https://www.zhihu.com/people/35-45-94,IP属地未知,642,2023-11-30T04:00:30.000Z,2023-11-30T04:00:30.000Z,1,25,爱犬人士有一套著名的狡辩方式“一只流浪狗犯错，却要所有流浪狗共同承担”，这里的逻辑漏洞在于把狗与人等同。如果一个人犯错，确实不能把所有人都惩罚。而爱犬人士就是潜移默化的要求人们把狗看作是和人一样的。事实上，狗不是人，也谈不上对与错。流浪犬总是有咬人的风险，等被狗咬了，就来不及了，所以应在狗咬人之前，对流浪狗进行全面清除。所有的流浪狗都有安全隐患。以上逻辑并不难，有正常能力和以人为本基本原则的人都应该看懂。然而现在最大的问题是官方是支持爱狗人士的。这个问题很头疼，而大多数网友对此情况了解不够。你看第10条到第13条，再看小动物保护协会的章盖着，公然由爱狗协会管养犬。好比指望黑社会管理犯罪分子。以上图片只是冰山一角。事实上爱犬人士的渗透已经有几十年。有一套关于狗患发展小知识的试题，您可以测试一下能答对多少？1，北京是从何时开始解除城市禁狗令的？这里重点谈北京的原因是只要北京禁狗，其他城市也会学着禁狗。北京允许养犬，其他城市也会跟着学。2，北京是哪一年从【严控养犬】转变为【服务养犬】的？3，【狗是人类的朋友】这个谎言起源于哪个国家？4，【狗是人类的朋友】这个谎言是从哪一年开始被我国的主流媒体所宣传？5，现在的养犬管理条例总体上是趋于严格还是趋于宽松？6，现在的养犬条例重点是征求哪些群体的意见？答案：1，北京是从1994年底开始解除城市禁狗令。2，北京是从2003年开始，由【严控养犬】转变为【服务养犬】的。3，【狗是人类的朋友】这个谎言起源于美国，准确来说，是起源于一个美国律师。4，【狗是人类的朋友】这个谎言是从2003年开始被我国的主流媒体所宣传，与北京全面放开养犬是同一个时间节点。从中你也能看出爱狗人士渗透的这个过程，渗透得很全面，而且他们配合得严丝合缝。5，现在的养犬管理条例总体上是趋于宽松。而绝大多数人对养犬管理政策并不了解，都是想当然地以为养犬管理政策越来越严格。6，现在的养犬条例重点是征求养犬人，爱狗人士，宠物行业既得利益者，爱狗协会，爱狗志愿者等群体。其袒护爱狗一方的方法正如上面的名称拆分一样，每次开征求意见的会议时，爱狗一方都有好几个名额，上面这些不同名称的爱狗势力，有助于增加爱狗一方的名额。至于另一方，统称为【不养狗人】，和名称的单一相一致，不养狗的一方征求的意见就少。假如一个城市1%的人养狗，那么本应以征求99%不养狗人的意见为主。现在完全反过来了，由于把爱狗一方拆分为好几个类型，现在以征求爱狗一方的意见为主，最终出台的条例，就可想而知了。现在一些文明养狗派的爱狗人士会自称“愿意牵绳、捡狗屎、办狗证等”，这么说只是它们的计策而已，爱狗人士口头承诺【牵绳、捡狗屎、办狗证】，就是为了换来更加宽松的养犬政策：解禁大型犬，允许带狗进商场，允许一户多犬。早在1994年，爱犬人士采用同样的方式，先假意答应【高额狗证以及无狗证的狗一律捕杀】，换来城市解除禁狗令。然后再慢慢闹，把政策一步步放松。时至今日，别说无狗证的狗了，就算咬过人的狗通常也会还给狗主人。现在经常能看见同一只狗，在很长的时间周期里多次咬人的报道。这就是由于咬人的狗依然不扑杀，而是还给狗主人。在没有养犬条例的时候，老百姓的公序良俗都知道咬过人的狗必须消灭。现在有了养犬管理条例，反而按照爱狗协会的建议，把咬过人的狗还给狗主人。其基本实现方式是：在养犬条例中规定：对咬过人的狗进行狂犬病检测，只要没有狂犬病，就还给狗主人。其背后的底层逻辑是：只要没有狂犬病的狗，就可以放纵它多多咬人。再考你一个狗患知识：目前对于无狗证的小型犬，通常是怎样的处理方式？答案：目前对于无狗证的小型犬，通常是督促狗主人办狗证，方便“狗狗”持证咬人。而现在大多数城市狗证费用都是极低，或者免费。爱犬人士轻松就能补办狗证。极个别烈性犬除外。很多人投诉无证狗扰民，然后处理方式就是补办狗证。然后你再投诉，它就回复你：这狗现在有证了，我们管不了。群众总结为：持证扰民。狗证制度，让养犬扰民合法化。1994年底，决策者盘算着靠【1，高价狗证，2，捕杀无证狗】这两招来限制养犬。决策者抱着妥协和稀泥的心态，认为这样既能不让狗患泛滥，又能满足爱犬人士养犬的需求。没想到：1，对于高价狗证，爱犬人士攻击是【乱收费】，2，对于捕杀无证狗，爱犬人士攻击是【太残忍】。很快，高价狗证和捕杀无证狗这两项制度就全部取消了。“对于无证狗，一律捕杀”成为了残留在很多老百姓脑中的记忆，很多老百姓误以为今天还有这样的政策。幻想着靠文明养犬管理条例去“依法治理狗患”。实际与违规养犬斗争过的人，大多数都会发现真实的情况居然是给无证狗低成本补办狗证，方便“狗狗”依法扰民。从狗患发展历程，可以看出妥协的决策者与寸步不让的爱犬人士之间的博弈，最终爱狗人士步步紧逼，日拱一卒，导致了今天的这种极度宽松的养犬条例。而爱狗人士依然不满足，还嫌太严格，还在不断尝试运作进一步放松养犬条例。痛定思痛，如今有识之士已经看出狗患这个领域，极为特殊。通常意义的中庸之道并不适合于狗患这个特殊的领域。努力呼吁恢复城市禁狗令，已经成了人们唯一可以选择的一条路。
一只流浪狗犯错，却要所有流浪狗共同承担，这折射出了什么社会现实？,https://www.zhihu.com/question/628287767/answer/3270626759,真吟游诗人,https://www.zhihu.com/people/kaiy-17,IP属地未知,282,2023-10-30T13:47:34.000Z,2023-10-30T13:47:34.000Z,1,25,你觉得流浪狗冤？当年一个地痞流氓捅出了篓子，全国的小偷流氓地痞混混全都被严打了，那帮流氓还觉得冤呢！
一只流浪狗犯错，却要所有流浪狗共同承担，这折射出了什么社会现实？,https://www.zhihu.com/question/628287767/answer/3275301753,大大方方的,https://www.zhihu.com/people/da-da-fang-fang-de,IP属地未知,782,2023-11-03T06:16:19.000Z,2023-11-03T06:16:19.000Z,0,24,只要你给所有还未咬人的流浪狗买意外险就可以了。你承担责任大家就不会追究责任了。多么简单的事情啊。你愿不愿意承担责任？一句话的事。如果你不愿意承担责任，那么请问这折射出了什么社会现实？
一只流浪狗犯错，却要所有流浪狗共同承担，这折射出了什么社会现实？,https://www.zhihu.com/question/628287767/answer/3277404025,张三,https://www.zhihu.com/people/zhang-san-75-30-23,IP属地未知,2249,2023-11-05T04:57:15.000Z,2023-11-05T04:57:15.000Z,0,24,只有人才会“犯错”。。。流浪狗不会犯错。堵塞消防通道的杂物，工地上不合格的安全绳，工厂里不合格的消杀设备，流浪狗。他们有一个共同的名字，安全隐患。需要的是杜绝和消除。
一只流浪狗犯错，却要所有流浪狗共同承担，这折射出了什么社会现实？,https://www.zhihu.com/question/628287767/answer/3271025503,薄遥,https://www.zhihu.com/people/jiang-hu-ren-cheng-sai-tai-di,IP属地未知,29,2023-10-31T01:46:58.000Z,2023-11-03T06:50:40.000Z,2,24,屁股决定脑袋这句话真的是一点都没错。你这个观点站在动物爱好者和那些所谓爱狗人士的立场一点都没错，甚至都占领了zz高地。你说了三个现象，那么我就按照这个回答你。回答一:你用伤人的流浪狗和那些犯罪分子类比并不相通。人是有智慧的，同时也是有能力为自己行为负责的。犯罪分子被抓，也仅限于他自己，如果他们后代没有犯罪，在我们国家是不会去逮捕他的后代的，而流浪狗伤人，可能出于恶意或本能，这种东西对于人来说不可控，人有法律的约束，杀人偿命这种事怕是神农架里的野人都听过，你拿着本刑法跟狗说它杀了人或者杀了狗偿命你看它能听懂这句话么？它知道咬了人以后它怎么赔偿被咬的人经济损失么？同时还有非常重要的一点，流浪狗它是否有狂犬病毒我们不得知，它的生命里会抚养多少小狗我们也不得知，同样那些小狗是否有病毒，是否再伤人我们也不得知，所以秉着以人为本的原则，捕杀没有任何问题。回答二:跟我上面说的一样，狗这个东西没有为自己行为负责的能力，流浪狗咬了你，你怎么叫它赔偿你？去你家给你看十年大门？而宠物狗不一样，宠物狗有为他负责的自然人，尤其是那些合法办理了养狗证件的人，这些宠物狗咬了人，难道不去找那些宠物狗的主人？他们养了还不负责，那法律这东西是干什么用的？回答三:鸡生蛋，蛋生鸡这这套娃问题没有任何意义，那要是这么追责，是不是应该追溯到第一个把狼驯化成狗的人？说点有用的，不排除有人弃养，在我们国家，大多数的流浪狗都是所谓的土狗，田园犬，这些狗繁衍能力强，知道有一只偷偷跑出去，过几年它能有一群后代。你也许会说，这也是饲养人的问题啊，生物这东西都是有不稳定的因素的，一丝不苟执行的只有机器，年头长了机器还有不稳定的时候呢。最主要的问题不是人，而是制度，我们国家养宠物的代价太低，而导致如果有人感兴趣就养，不感兴趣就弃养，只要有这种情况，流浪狗这个群体就永远不会消失。所以说应该建立严格的养狗制度同时建立好每只狗户籍管理，它的父母是哪只狗， 它又生下哪只狗，如果没有户籍的狗，全部按照流浪狗处理。这样又有了大量的工作岗位，还能管好狗，当然了给管理狗户籍的人的工资，需要养宠物的人进行纳税承担，我只是这么想想就感觉这个税不能少。你可能会说凭什么养狗的人要承担这些？那我想问一下，捕杀这些流浪狗是消耗人力，物力，财力的，这些东西是需要那些不养宠物和合法养宠物的人承担的，这时候怎么没见你来谴责这些弃养的人呢？养宠物的快乐是主人私人的，而造成这些后果却需要社会和被伤害的人来承担凭什么？所以说解决这个问题的办法，就是提高养宠物的门槛，让人不能轻易的养宠物。这点可以学习外国，养宠物之前，参加考试，经过各种考试测的这个人是热爱动物热爱生命的，才有养宠物的资格。其次养宠物交税买保险，养狗过程中如果说有任何不当的行为，都将面临罚款根据造成的影响，分成多少个等级，让养狗人清楚同时人民群众有举报奖励的制度，从法律和社会层面对养狗的实施监管。补充一点首先要达到一定资产才能养狗，否则连自己都养不活怎么养狗或者就像强制车险一样交养狗险，这个险交的钱绝不能太低，否则对于保险公司来说得不偿失，最好一年能达到两千元以上。能达到以上这些，把所有没有主人的狗记作流浪狗，从成本上让饲养人意识到养狗的必然付出，这时候就会考虑到底要不要养狗。人都是趋利避害的，有的人为了自己过得好，孩子都不想生，养狗也要这么大的代价他们就要好好掂量掂量了。最后我这么说你看看你的问题解决了么？以上是我个人观点，如果有朋友不认同的话我们可以进行理性讨论，谢谢。再更。再跟人讨论此话题后，他说我的方法或许冷血，提出这样一个不用捕杀流浪狗的想法，大家看看是否可行。成立一个流浪狗救援机构，由每个所谓的“爱狗人士”每年上交会费，会费用于流浪狗的居住环境，生活管理以及损害赔偿甚至是公共卫生等问题。（包括但不限于扰民，大小便，对人的伤害）。如果哪个城市的流浪狗出现各种问题，直接找当地“爱狗人士”，责任分包到片。也可以再细一点，在机构的管理下每个流浪狗都有一个“爱狗人士”负责人，直接挂钩到人，平常不用你饲养，只要出钱，一切都给你解决到满意。强制养狗办理狗证，一旦发现非法养狗会处与5万元以上罚款，上不封顶。对于办理养狗证的人不文明养狗行为可以类比同样的驾驶证扣分制度，对于各种不文明行为，有各种层级的处置，比如不系狗绳罚款2万扣2分，随地大小便罚款一万1分，咬人直接罚12万吊销养狗证，累计扣满2次分三年内不准再考养狗证，帮人养狗以及宠物代管同样需要养狗证，帮人养狗应当有严谨的书面程序。严禁替人扣分行为，一经发现双方均处以12万元以上罚款。对于养狗想弃养的应联系当地机构，将狗送过去，然后每年交两万元用于对狗的管理以及饲养。最后如果有非法饲养，以及对于狗咬人处理如果违反规定，就按照次数多倍罚款，一次5年禁养犬，两次10年，第三次终身禁养，所在家庭上禁养黑名单。以上所缴纳的会费罚款都用作机构的运行，流浪狗的饲养。我感觉这个方法也不错，期待有这么一天。不是这也能举报我？？？？
一只流浪狗犯错，却要所有流浪狗共同承担，这折射出了什么社会现实？,https://www.zhihu.com/question/628287767/answer/3321087368,欢乐多,https://www.zhihu.com/people/93-10-39-38,IP属地未知,0,2023-12-11T01:36:35.000Z,2023-12-11T01:36:35.000Z,0,21,一只蚊子吸你的血，你却要痛恨世界上所有的蚊子。一部分网友的言论，你却要怪罪于整个社会。这折射出了提问者怎样的心理？
一只流浪狗犯错，却要所有流浪狗共同承担，这折射出了什么社会现实？,https://www.zhihu.com/question/628287767/answer/3269362755,漂泊岁月,https://www.zhihu.com/people/ke-qi-ming-63,IP属地未知,2621,2023-10-29T14:32:59.000Z,2023-10-29T14:33:11.000Z,4,20,流浪狗本就不应该存在不是吗？而且狗是畜生，没有犯错的说法，只有咬人的本能，狗如果侵犯了人类那狗主人是要替狗担责的，流浪狗的主人都死了，谁为狗的攻击行为负责，你会负责吗？如果有人愿意为流浪狗侵犯人类负责我觉得可以留下来，否则就不应该存在，狗没资格在人类世界中担责。
一只流浪狗犯错，却要所有流浪狗共同承担，这折射出了什么社会现实？,https://www.zhihu.com/question/628287767/answer/3280843393,林北山村佬,https://www.zhihu.com/people/lin-bei-shan-cun-lao,IP属地未知,174,2023-11-08T01:22:26.000Z,2023-11-08T01:22:26.000Z,3,20,“所有流浪狗共同承担”这个具体指什么方便说一下吗？
一只流浪狗犯错，却要所有流浪狗共同承担，这折射出了什么社会现实？,https://www.zhihu.com/question/628287767/answer/3272063385,迷之异境,https://www.zhihu.com/people/mi-zhi-yi-jing,IP属地未知,1266,2023-10-31T16:26:41.000Z,2023-10-31T16:26:41.000Z,0,19,折射出了：雷区一般不会只有一颗地雷。如果有人被一颗地雷炸了，那就得把这个区的所有地雷都扫出来。
一只流浪狗犯错，却要所有流浪狗共同承担，这折射出了什么社会现实？,https://www.zhihu.com/question/628287767/answer/3269151211,浓烟滚滚,https://www.zhihu.com/people/sjta-ta-ta,IP属地未知,7,2023-10-29T10:54:51.000Z,2023-10-29T10:54:51.000Z,6,19,"作为一个高中生会""独立思考""是极好的请听题:1.流浪狗怎么产生的？2.流浪狗的出现对人们现有生活有哪些好处或者危害3.请思考，作为治理者如何解决流浪狗问题解决方案:1.立法，弃养入刑2.收容制度，流浪狗集中收容弃养罪犯收容中心服刑，罚没款和罪犯劳动所得用于收容中心运转3.收养代替流浪，领养代替收容在最后我想说的是:狗头人是只""出声""，实事不干一点"
一只流浪狗犯错，却要所有流浪狗共同承担，这折射出了什么社会现实？,https://www.zhihu.com/question/628287767/answer/3272918968,nnnnnnnn,https://www.zhihu.com/people/nnnnnnnn-40-90,IP属地未知,4,2023-11-01T09:03:35.000Z,2023-11-11T18:48:34.000Z,0,19,一颗地雷炸了人，却要所有没炸过人的地雷全部承担，这折出了什么社会现实
一只流浪狗犯错，却要所有流浪狗共同承担，这折射出了什么社会现实？,https://www.zhihu.com/question/628287767/answer/3270953779,飘飘的小胖,https://www.zhihu.com/people/piao-piao-de-xiao-pang,IP属地未知,221,2023-10-31T00:57:43.000Z,2023-10-31T00:57:43.000Z,0,19,爱狗人士果然连基本的逻辑因果都搞不清楚，治理流浪狗的根本原因肯定不是一只流浪狗犯错。但为什么非要如此关联？当然是无理取闹了。
一只流浪狗犯错，却要所有流浪狗共同承担，这折射出了什么社会现实？,https://www.zhihu.com/question/628287767/answer/3285127546,爱思考的知乎用户,https://www.zhihu.com/people/lzm-80-36,IP属地未知,263,2023-11-11T08:51:32.000Z,2023-12-06T09:44:48.000Z,8,18,图片网络转载，侵权请通知删除。说句题外话，建议立法实名养宠，遗弃宠物判刑，从根本解决问题。记住，宠物伤人，宠物主判刑，能解决问题。
一只流浪狗犯错，却要所有流浪狗共同承担，这折射出了什么社会现实？,https://www.zhihu.com/question/628287767/answer/3271314071,哦呵呵,https://www.zhihu.com/people/bai-shi-hei-ci,IP属地未知,328,2023-10-31T05:08:11.000Z,2023-10-31T05:08:11.000Z,0,18,一个人用枪杀人为什么全国禁枪？吸毒的人也不多，为什么全国禁毒？你能想明白这个道理吗
一只流浪狗犯错，却要所有流浪狗共同承担，这折射出了什么社会现实？,https://www.zhihu.com/question/628287767/answer/3273460898,Osward,https://www.zhihu.com/people/osward-63,IP属地未知,3567,2023-11-01T21:57:33.000Z,2023-11-01T21:57:33.000Z,0,17,你要搞清楚一点不是流浪狗犯错，而是制造流浪狗的人犯错而这一次的错误让全社会注意到了流浪狗的危害所以整个社会都在为这群人擦屁股如果你爱狗，那你更应该支持处理流浪狗以及处理那些随意弃养、不牵绳的人，这些人才是问题的根源，也是人狗矛盾的起点
一只流浪狗犯错，却要所有流浪狗共同承担，这折射出了什么社会现实？,https://www.zhihu.com/question/628287767/answer/3317200349,克己修身敕勒川,https://www.zhihu.com/people/ke-ji-xiu-shen-chi-le-chuan,IP属地未知,39,2023-12-07T11:48:17.000Z,2023-12-07T11:48:17.000Z,0,17,一个奥地利人杀了犹太人，却要所有地球人共同承担，这折射出的是什么政治现实？
一只流浪狗犯错，却要所有流浪狗共同承担，这折射出了什么社会现实？,https://www.zhihu.com/question/628287767/answer/3273420181,知乎用户,https://www.zhihu.com/people/,IP属地未知,195,2023-11-01T17:42:58.000Z,2023-11-01T17:42:58.000Z,0,17,A：“请问你赞同清除流浪狗吗？”B：“为什么，一条狗犯错了，要让所有流浪狗承担？”A：“那你赞同养狗要牵绳吗？”B：“当然，但这和清除流浪狗有什么关系？”A：“为什么养狗要牵绳？”B：“因为…为了…对，为了安全！”A：“那流浪狗没有绳子怎么办？”B：“你这话说的，流浪狗当然没有绳子啊！”A：“那也就是说流浪狗不安全了？”B：“那又不是流浪狗的错！那是人的错！”A：“你看到垃圾在地上会怎么想？”B：“捡起来啊！”
一只流浪狗犯错，却要所有流浪狗共同承担，这折射出了什么社会现实？,https://www.zhihu.com/question/628287767/answer/3282529673,可恨一身五花膘,https://www.zhihu.com/people/hate-my-fat,IP属地未知,11776,2023-11-09T05:37:19.000Z,2023-11-09T05:37:19.000Z,0,15,一些蟑螂传播了疾病，却要所有蟑螂共同承担，这折射出了什么社会现实？
一只流浪狗犯错，却要所有流浪狗共同承担，这折射出了什么社会现实？,https://www.zhihu.com/question/628287767/answer/3277747040,知乎用户,https://www.zhihu.com/people/,IP属地未知,21428,2023-11-05T11:13:46.000Z,2023-11-06T05:19:57.000Z,0,15,【公开】表达出这种观点的，往好了说是出于对一些常识的无知，如果不是出于无知，往坏了说就可能是反人类的恶魔。思维的出发点应该首先考虑人类自身的生命安全。失去人类控制的流浪狗，无时无刻不在威胁着同一片地区的广大人类的生命安全。这种威胁是因为狗身上会有狂犬病毒这种原因导致的，而不是因为【狗狗犯了错误】导致的。把流浪狗换成某种剧毒的毒蛇，那就是毒蛇的毒性无时无刻不在威胁着本地区人类的生命安全。所以，如果人类生活的这片区域有大批量的毒蛇，必须清除掉。这是第一层逻辑【清除】的必要性。【清除】这种危及生命的危险因素，怎么可以被歪曲解读为对流浪狗、毒蛇的【惩罚】呢？如果你认为这是一种【惩罚】并且为狗和毒蛇鸣不平，那很简单，你家先养上几条毒蛇，证明一下你自己的生命远远比不上对毒蛇的【不平】。但是，即便你这样表演了，也不能强迫让其他人跟你一样跟毒蛇生活在一起。如果他自己都不敢跟毒蛇生活在一起，却要让大家都不得【清除】危险，那就是对人对己双重标准，这种圣母是社会的大毒瘤，这种圣母会在野外救回一条冻僵的毒蛇之后，放在你的怀里把它解冻救活，绝对不会放在他自己的怀里，但救醒蛇的功劳圣母却要四处宣扬是他自己的功劳。哪里发现这种圣母，该怎么处置大家自己深思熟虑一下，但是处置一定要果断，要迅速，不要有丝毫犹豫。如果他自己愿意跟毒蛇生活在一起，并以此为理由要求所有人都跟他一样跟毒蛇生活在一起，不准清除，那他就是把全社会的人类的生命往【更加危险】的方向去推，就是反人类的恶魔。最后补充一点知识，省得又有无知的人冒傻气。1，只要是狗都有一定概率携带狂犬病毒，即使它没有表现出任何狂犬病的症状。2，给狗注射狂犬病疫苗并非100%有效，即使打了多次疫苗，也有一定概率携带狂犬病毒。3，给人注射狂犬病疫苗并非100%有效，即使打了多次疫苗，也有一定概率罹患狂犬病。4，人类狂犬病一旦发作（即表现出症状），以现在人类的医学水平，没有有效治疗方法，所以几乎100%会死亡，死亡率远大于99%。即使有极为少量的个别案例没有死，现代医学也搞不清楚为什么没有死，这样的人为什么没有死，理解为阎王爷判他命不该绝、把他送回来还阳也没什么区别。掌握了以上4个基本知识，再说别的。如果还自己承认是人类，那么首先考虑的就应该是广大人类自身的【生命安全】，而不能把狗命看得比人命还贵，如果那样岂不是甘当人奸？好了，关于【清除】危险的话题到此结束不用再多废话了。下面讨论的无非就是【清除】危险是否需要夺取流浪狗的生命这个话题了。除了带来不确定的对人类生命的威胁，流浪狗对人类社会还有什么正面价值吗？你是指望流浪狗替好人看家护院，还是指望流浪狗代替猫捕捉老鼠？【清除】最低成本的做法就是直接处死，如果这种【清除】需要花费广大纳税人的钱去进行，那当然应该用效果更加有保障、成本更加低的方法来进行了。现在的问题就是，有一小部分人，他们出于自己的一些【大家都搞不清楚的理由】，希望不要用【处死】的方法去【清除】流浪狗危险，那么，想要达成他们的【希望】可行不可行呢？应该可行，但有前提条件！只不过不用【处死】的方法势必增加【清除】的成本，比如要在各地专门开辟一片【隔离】的地区用来养这些被【清除】的流浪狗，要有专门的人管理这篇【隔离】的地区，最起码要确保这里的流浪狗【不可以】跑出去再次成为社会的危险，这是他们的【首要职责】。那么买这片地的钱，修建足够坚固和安全的围墙（或围栏）的钱，要有足够有效的安全保障设施可以防止有【外来的人】强行释放或带走这里面的任何一条狗、或全部这些狗，修建和维护这些安全保障设施的钱，这些安全保障设施日常运转维护必须要有认真负责的人类工作人员三班倒（一班工作8小时，一天24小时就是三班），这些工作人员的工资、社保、带薪年假等等福利，这些狗生活必须的饮食，医药，健康防疫，夏天吹空调，冬天烧暖气，还有内部要防止狗子打假互相撕咬导致受伤或死亡的防护措施，新来的狗子入驻之前如果体检发现有病是否需要先在单独的封闭隔离的区域治好了再纳入群体狗舍。以上这些可以计算出一个【最最基本的】资金需求。那些有着超出普通常人的崇高理想的人们，自己号召具有同样崇高理想的人共同捐款简称一个资金池，当资金池足够在一个城市建立满足上面【最最基本】的资金需求时，就可以用资金池中的钱在这个城市里建这样的爱心流浪狗之家了，买地、建设、招聘管理人员，这些都完成了，就可以接管这座城市的流浪狗处理工作了。——当然，如果活捉流浪狗的过程应该不【降低】原有处理方法的工作效率为基本要求，你们要求更加【文明和温柔】的方法，就需要更多的工作人员进行这项工作。有一些圣母是怎么表现的呢？不处死流浪狗导致的【高昂的费用】他们却一分钱也不掏，这样的捐款他们从来没有主导过，也从来没有自掏腰包捐过款，更没有先保证一个城市的这种流浪狗乐园要抓紧时间用自己的捐款赶紧建立起来，而是在收容流浪狗的条件根本就不具备的地区，就高声叫嚷不可以处死流浪狗。好了，既然谈到了在各城市建立流浪狗之家的问题，那我还要继续讨论接下来可能有一些圣母会提出的问题了：这些狗养在一起，要不要绝育？如果你主张绝育，圣母会不会指责你剥夺了狗子的生育权？如果你顺从圣母的话不绝育，那狗子的繁殖能力说不定短短一两年之后你修建的流浪狗之家就狗满为患了，狗子的生活空间密度太大（面积小，狗子太多），不利于狗子健康快乐的生活，这是极不人道的，你要不要再买地修建第二座流浪狗之家？你要不要计算一下如此毫无节制的繁殖下去，每年狗子的总数会增加多少？第二座流浪狗之家所需要的资金筹备齐了吗？筹集这些资金的时候是不是打算向【广大的没有你们这种特殊而崇高理想的人们】募集资金呢？是不是还会向他们使用道德绑架的手段强迫他们捐款呢？如果这样的募集捐款多了，谁能保证这些圣母婊是把钱用在狗子身上还是自己贪腐了呢？会不会自己一边贪腐了资金，另一边公开叫嚣冷血没有爱心的人太多导致募捐得到的资金太少，然后把不得不批量对狗子实施安乐死的责任推到【你们试图道德绑架募捐的广大无辜人类】身上呢？大家都知道每一家养狗的都需要遛狗的，那么多狗子集中养在一起你遛狗不遛狗？狗子互相之间撕咬打架你怎么避免怎么阻止？还是说不采用任何措施避免它们互咬，放任不管？这种放任撕咬不管，是不是会被圣母指责比直接打死它们还要残忍呢？如果要找到措施避免它们互咬，那最好的办法就是每只狗一个笼子住单间，那互相咬不到，这不是相当于让狗子蹲监狱吗？狗权呢？狗子的自由呢？又是一个圣母可以攻击的黑点吧？住单间的狗子怎么谈恋爱、繁殖呢？难道由管理人员人为指定配对吗？剥夺狗子自由恋爱的权利，是不是又有了一个攻击你的黑点啊？看到了吗？这些狗子集中在一起，数量越多、时间越长，你所需要付出的成本就越多，你需要履行的义务就越多、越细。这个饲养了大量狗子的地方，有狗肉馆私下里跟工作人员那里把狗子买出来做成饭馆的美食，你怎么杜绝？就算客观事实上你杜绝了，大量的圣母婊无中生有网络上造谣说你卖狗给狗肉馆，大赚流量变成网红，你怎么办？养了这么大量的狗子的地方，万一发生瘟疫，导致疫情传染到人类之间，你打算承担什么责任？如果感染疫情而导致大量人类的死亡，你这个流浪狗之家到底是爱心之家还是反人类的恶魔之家？到那时候圣母婊网红对你网暴把你描绘成反人类恶魔，你的流浪狗之家还继续开下去？开得下去吗？最后是不是会落得个大批量屠杀狗子的冷血屠夫的骂名而惨淡收场？为什么防圣母这么重要，现在想明白一点没有？
一只流浪狗犯错，却要所有流浪狗共同承担，这折射出了什么社会现实？,https://www.zhihu.com/question/628287767/answer/3270014259,硕鼠,https://www.zhihu.com/people/shuo-shu-27,IP属地未知,429,2023-10-30T05:18:53.000Z,2023-10-30T05:18:53.000Z,0,15,如果看到一条狗，只能看到一条狗。那么这CPU应该是很陈旧落伍的型号了。如果只能看到一条狗，不能看到所有狗。那么这内存应该是太小了。如果只能看到狗，不能看到养狗的人。那么这硬盘应该是很老很小的机械硬盘。如果看到养狗的人，不能看到社会治理。那么这估计就是个算盘。当然，我说的是电脑。再继续看：一，把狗和人混淆，这是数据运算错误了，有了极为严重的bad。这个程序不做重大升级早晚出事。二，不能理解bad就是bad，以为不同分区，不同软件的bad就不是bad了。这个操作系统和编译语言层面就有问题。这台机器难道不应该格式化吗？三，谁说人没问题了？这东西早晚是要上升到社会治理层面的。想不到的电脑该换了。所以关键就是，有的电脑要么格式化，要么彻底换。不这么大升级一下，就是个废物点心。
一只流浪狗犯错，却要所有流浪狗共同承担，这折射出了什么社会现实？,https://www.zhihu.com/question/628287767/answer/3275561677,钛合金钢铁侠,https://www.zhihu.com/people/qian-mian-zhe,IP属地未知,5730,2023-11-03T09:23:58.000Z,2023-11-03T09:23:58.000Z,0,15,折射了以前政策的放纵，导致这么多爱狗人士遗弃了狗，政府又不进行清理，出了事才来排除隐患，就是懒政的表现。这些事情本来是可以杜绝，不用出现伤亡，不用出现在公众眼中，流浪狗在没有形成数量前见一只灭一只，就如同排除安全隐患一样。安全隐患在于预防排除，而不是事后补救，不过亡羊补牢为时未晚，先把所有流浪狗都清理了，然后再定时进行排查清除，前边的代价确实大了点，但是这次清除是功在千秋，只要一直保持下去，以后狂犬病就如同天花一样。
一只流浪狗犯错，却要所有流浪狗共同承担，这折射出了什么社会现实？,https://www.zhihu.com/question/628287767/answer/3284910299,Lemonlee,https://www.zhihu.com/people/lemonlee-9,IP属地未知,0,2023-11-11T04:56:21.000Z,2023-11-11T04:56:21.000Z,2,15,这主要折射出了那些所谓动保主义者其实根本不了解每年到底有多少流浪动物被抓捕并执行，不论人道与否的，处死程序。他们甚至不能了解在动物保护很好的地方（域外）也存在着捕杀（不过是安乐死）流浪动物的情况。同时，那些为流浪动物发声的，相当一部分，特别是部分明星群体，也只不过是以一种强者的姿态，怜悯每一次出现在他们眼前的弱者。这在我看来是一种伪善，尤其是明星或类似的部分人（群体）。首先对于流浪狗的问题，提问者在论述现象一和现象二中，完全忽视了流浪狗和宠物狗（文明养狗）之间最重要的区别 —— 可控性和可预期性。提问者以社会中存在坏人，甚至特别坏的坏人作为例子。然而，我们说这个社会虽然存在着各种犯罪分子，但是我们不会把所有人都杀了，归根结底不是我们认为这个世界上“好人”多，甚至不是人多“好”，而是因为绝大多数人都处于法律、规章等一整套现代社会的规范及社会强力部门的控制之下的。基于这套规范以及强力部门的暴力保障，作为个体的人，我们能大致预测我们身边的人的行为和行为边界，以及在总体上保证个体的权益，且对于违反这套规范的个体、组织而言，他们所需要承担的后果和代价也是可以预期的。也正是因为这套规范和强力部门的存在，我们才能说，这个社会是“好人”多。我们经常能看到所谓的“人性经不起考验”这种较为存在普遍共识的说法，但这也从另一方面说明，其实绝大多数人都不是严格意义上的“好人”。绝大多数人之所以不去犯法，或者说，守法是一种社会生活的常态，在很大程度上是因为大多数人不能接受违法带来的后果和所要付出的代价。所以，规范是很重要的。这些规范可以是成文的法律，也可以是一些社会普遍的共识，比如我们会知道婴幼儿的身体状况较差所以在在和婴幼儿互动的时候会相对轻柔等等。但是无论如何，这类广义的规范让我们能够大概预测周围人的行为并进行应对，日常生活在总体上是相对稳定的。而对于流浪狗/猫，甚至流浪蛇、流浪蜘蛛等在人类社会处于流浪状态的任何动物而言，它们并不会遵循人类社会的规则，它们也不会认识到自身“认知”与人之间的差异。就好像猫妈妈嘴里叼着小猫到处跑不会有什么大问题一样，如果猫妈妈用同样的方式叼着人类婴儿（暂时忽略猫妈妈可能叼不动这件事）满屋子乱跑，那大概率对人类婴儿会出大事。对于猫妈妈来说，其实它没做错什么，尤其是流浪动物，它们只是遵从自己的生物本能而已，但是这些本能的行为，对于普通人来说是一件很难以预测和期待的事情。这不是说宠物没有本能，而是在规范养宠物的前提下（比如打疫苗、绝育、牵绳等），宠物的动物性本能有主人在进行控制。我们不能预期猫猫狗狗蛇蛇蜘蛛等宠物的本能行为会出现什么，但是我们可以预期宠物主人能够控制住宠物，并且在宠物出现不可控事件后能够由主人承担责任并承担相应的代价。但是流浪动物不行，我们很难知道流浪动物经历了什么，它的身上是否携带了任何难以控制的病毒、疾病等。在这种情况下，流浪动物的危险性要远远大于宠物。流浪动物的存在本身，就是对既有日常生活秩序的威胁。这也是为什么，即使是国外动物保护很好的国家，也存在发现流浪动物就采取抓捕并在一段时间无人认领的情况下执行安乐死的原因。甚至不需要有流浪狗咬人的情况，只要发现流浪狗都会进行抓捕然后等待一段时间，无人认领就执行安乐死。所以不是因为几只狗咬人就要让所有流浪狗陪葬，而是流浪狗本身就应该被统一抓捕、处理，这也是平时社会管理人员就在做的事情，也是一种域内外相对有一定认可度的做法。之前没听说过，主要还是因为没出事儿，特别是没出大事儿，管理人员懒得管，大家睁一只眼闭一只眼就过去了，仅此而已。至于这个抓捕完了之后，是送到保护站还是执行处死程序，还是怎么样，那就是一个单纯的成本问题。毕竟，即使不给流浪动物提供多么精致的生活，单单是抓捕、统一登记、送医检查、打疫苗、提供食宿、必要的救治等最基本的措施，都要消耗一大笔钱。在一只狗身上要花那么多钱，每年流浪动物的数量都是以万计的，甚至可能某些城市的流浪动物就能以千来计量，这么大的一笔成本，即使政府有钱，也难以承担。而且很多地方还不能保证有相对专业的动物救助站的存在。这样的成本，远比抓捕后直接处死要高出太多了。并且，政府的财政绝大多数来源于税收，来源于每一个辛辛苦苦挣钱养家的人。不是所有人都愿意将自己辛苦上缴的税收，放在给流浪动物提供帮助上面的，特别是这还是一笔不小的开支的情况下。（突然想起来YPM有一集就是，哈克动用军方资源救了一只狗，但是不敢把开支公布的剧情）而对于部分动保人士，特别是明星等，说他们伪善，是因为动物保护是需要成本的。但是相当一部分人，他们，不论是有意还是无意，都在刻意忽视成本问题（人力物力），要求政府或者有关社会管理人员采取他们喜欢的措施。他们自己不需要承担任何一丝的成本，也不用像部分民众那样出门面临流浪动物的各种“威胁”和影响。只需要在社交媒体、演唱会上，大声疾呼或者阴阳怪气的所谓为“硬刚”，就能收获一票支持和流量，为自己的事业赚取大量的回报。站在道德高地，慷他人之慨，我觉得用伪善来形容他们已经是一件很保守的事情了。毕竟在任何社会管理的问题下，不讨论成本和成本承担问题的呼吁都是耍流氓。事实上这也同样能够用来看待某些养宠物的人士。在当下我们的社会中，养宠物这件事就是会给很多人带来不便，有人可能会对宠物身上的一些组织有过敏反应，有人可能会害怕一些宠物（比如我至今没有和宠物蜘蛛和解））等等。也就是说，养宠物在给宠物主人带来正向的情绪和财产价值的同时，也在向社会输送一定的负外部性。而当宠物主人觉得宠物没有价值之后，把宠物往野地里一扔，就等于说，宠物主人在完全没有承担任何代价的情况下，将养宠物的负面成本全部转嫁给了社会，由所有人，甚至是不喜欢小动物的人在用他们已经很艰难的劳动所得，在为宠物主的不当行为买单。那么在这种情况下，通俗的说法就是全社会都在给宠物主人的不负责任的行为买单，也就是所谓的擦屁股。那既然是擦屁股，我觉得就别太要求高了。有些地方采取了相对粗暴的做法，我觉得不是一件很值得过分指摘的事情。而对于流浪动物的问题，在本质上依然是人的问题，或者说，人类社会的规范只能作用在人身上。就像在英国，养一只狗要经过十分复杂的程序以及缴纳高昂的年费并进行登记，外出遛狗一定要栓绳带嘴套，遗弃宠物甚至会导致宠物主人承担坐牢等刑事责任。（我记得之前有人跟我说养狗还需要在狗狗身上植入含有宠物主人各种信息的芯片或类似的东西，但是我一时记不清楚，等之后有时间再查吧）在这种对宠物主人十分规范且严苛，养宠物门槛极高的情况下，才能说，在解决流浪动物方面有一定的成效。
一只流浪狗犯错，却要所有流浪狗共同承担，这折射出了什么社会现实？,https://www.zhihu.com/question/628287767/answer/3284678641,一梦不知远,https://www.zhihu.com/people/yimeng-bu-zhi-yuan,IP属地未知,9,2023-11-11T01:02:23.000Z,2023-11-11T01:02:23.000Z,0,14,说明中国人还是不习惯刨根问底的解决问题。要是把制造流浪狗的货腿打折✗Py里你看还会有流浪狗吗
一只流浪狗犯错，却要所有流浪狗共同承担，这折射出了什么社会现实？,https://www.zhihu.com/question/628287767/answer/3310953856,十八子,https://www.zhihu.com/people/42-65-86-57-2,IP属地未知,43,2023-12-02T13:33:41.000Z,2023-12-02T13:33:41.000Z,3,14,我不知道为什么会有这么多人站出来反对整治流浪狗这一现象，首先流浪狗攻击人的事件不是个例，也不是只有几只，而是有很多，多到可能超乎你想象，甚至每年也会有不少人死于狂犬病，对于现在终于开始整治流浪狗，相信很多人都是拍手称快的。
一只流浪狗犯错，却要所有流浪狗共同承担，这折射出了什么社会现实？,https://www.zhihu.com/question/628287767/answer/3269144738,捏爆右边的蛋,https://www.zhihu.com/people/nie-bao-you-bian-de-dan,IP属地未知,225,2023-10-29T10:47:13.000Z,2023-10-29T10:47:13.000Z,1,14,流浪狗一直都是要被抓。。只是一直没有落实
一只流浪狗犯错，却要所有流浪狗共同承担，这折射出了什么社会现实？,https://www.zhihu.com/question/628287767/answer/3287424782,严者,https://www.zhihu.com/people/yan-zhe-96-90,IP属地未知,50,2023-11-13T09:41:54.000Z,2023-11-13T09:41:54.000Z,1,14,折射出中国还不够“文明”。人家美国每年安乐死数百万只流浪猫狗，中国呢？足以说明中国比美国落后太多了doge
一只流浪狗犯错，却要所有流浪狗共同承担，这折射出了什么社会现实？,https://www.zhihu.com/question/628287767/answer/3275450402,知乎用户,https://www.zhihu.com/people/,IP属地未知,211,2023-11-03T08:03:55.000Z,2023-11-03T08:03:55.000Z,0,14,现象一：体现了这个社会以人为本，人的权益高于一切动物，以及动物不可以和人相提并论的现实。现象二：宠物狗不必诛十族是因为它是主人的财产，出了问题有主人为它负责。你说是歧视偏见，那就是歧视偏见，无所谓，狗并没有不受歧视和偏见的权利。现象三：流浪狗原本就不应该存在，原本就应该定期清理，不论有没有伤到人。不过既然你能把你们这些爱狗、养狗的人造成的流浪狗泛滥问题归责于所有的人，要所有的人一起承受被流浪狗伤害的风险，那么一只流浪狗伤了人，处理全体流浪狗也没有什么问题。
一只流浪狗犯错，却要所有流浪狗共同承担，这折射出了什么社会现实？,https://www.zhihu.com/question/628287767/answer/3315125282,知乎用户,https://www.zhihu.com/people/,IP属地未知,26,2023-12-06T02:31:44.000Z,2023-12-06T16:00:47.000Z,0,14,先说答案管理方：折射出了社区管理方失责，本身管理方就应该及时处理社区垃圾、定期定点投放鼠药、保证社区内不受流浪动物影响住户：折射出了乱投喂行为导致流浪动物定居、聚居会实际危害其他住户的生活环境与人生安全网络：折射出了切割行为的滥用错用再分析答案：管理方上，常态的不管理冷管理会导致部分住户认为流浪动物进入居住区是合理的，是没有影响的，流浪动物能长期、频繁的进入居住区，排除住户进行的大型投喂行为，只剩管理方投饵、垃圾治理不及时，导致老鼠数量多吸引流浪猫狗，导致厨余垃圾吸引老鼠和流浪猫狗，而运动式的一刀切管理会破坏一部分人“一直如此便是对的”这种惯性思维，相当于骤然的扼杀并重塑一部分人的生活信仰和价值观，而人的求生欲不知存在于物质上，还存在于精神上，重塑价值观会冲击到人的精神求生欲，自然会导致一些固执、不理性的人反抗住户：以往网络不发达、信息难以传播的时代，流浪动物造成的危害难以传播普及，自幼被教育的对生命的尊重和善意会导致人对生活环境差的流浪动物产生同理心，兼具不了解投喂的危害，导致多数人对投喂流浪动物的立场是合理的、绝对完全善良的，但现今信息流传迅速，投喂的危害性得以普及，本可悬崖勒马，但惯性思维与精神求生欲引起人自保行为，不愿意否定自己，不愿承认自己以往不知导致的错误，只好坚定自己错误的立场，而让他们出钱出力用以建设动物福利，因为涉及自己的利益，懂的都懂仅用一句话就可以反驳：你享受了投喂流浪动物带来的快乐，是否愿意承担流浪动物伤人破坏环境的赔偿责任网络：一条流浪狗犯错是否应让所有的流浪狗承担，这是一种典型的错误切割，原因也很简单，没有被系统训练的流浪狗不具备不伤人的自控力举几个相关的例子：车、自慰、磕药“车会撞死人所以应该禁止车”，车并不会自启动定向撞人（智能驾车系统出问题也会禁止生产销售使用），出问题的是当事人，而交通拥有系统的法律法规，事故没有禁止车，但会禁止出问题车主再次开车。车与车主可以切割，守规矩的可自控车主可以和不守规矩不自控的车主切割，开车并不是车主不自控的原因“一个自慰的人因为追求更刺激的快乐从而侵害了他人，是否应该禁止所有人合理合法自慰的权利？”自慰并不会导致人失去可控性，所以可自控的自慰者可以与不可控的自慰者切割“一个磕药的人伤害了别人，是否应该禁止所有人磕药？”磕药会极度影响人的精神状态，导致人处于一种不自控的状态，磕药会导致人不自控，所以还没有伤人的磕药者不能与伤人的磕药者切割，而且磕药与投喂行为类似，像我上面说的，一个人把自己绑起来再磕不就好了？但是磕药是违法行为，磕药花的钱会变成不法分子的武装力量，进而导致禁 的阻力变大，从而导致 对人产生影响的可能性变大补一句：一个人放了火，抓住了纵火者，火依然要救。同理，流浪动物对人产生了影响，抓住了遗弃者，流浪动物问题也要解决
一只流浪狗犯错，却要所有流浪狗共同承担，这折射出了什么社会现实？,https://www.zhihu.com/question/628287767/answer/3271619110,暴燥老哥,https://www.zhihu.com/people/cjup10,IP属地未知,204,2023-10-31T08:57:03.000Z,2023-10-31T08:57:03.000Z,0,13,折射出的现实就是养狗人推卸责任。养狗人制造了流浪狗，然后却不愿承担相应的社会责任，这不只能落在这些可怜的流浪狗身上了呗。难道这些养狗人良心真不会痛吗？
一只流浪狗犯错，却要所有流浪狗共同承担，这折射出了什么社会现实？,https://www.zhihu.com/question/628287767/answer/3312642349,言多必失,https://www.zhihu.com/people/yan-duo-bi-shi-79-56,IP属地未知,2,2023-12-04T04:23:40.000Z,2023-12-04T04:23:40.000Z,0,13,这种说法很奇怪，流浪猫狗本身就是一种需要被治理的社会问题。只是近期随着养宠物的人多了，流浪宠物也更多了，造成的社会危害也更大了之后，被更多人注意到了，快到必须要严格处理的时候了。一个不太恰当的类比，这就像不法商贩占道经营，相关部门碍于舆论压力一直没有严格管理。结果某天因为占道导致消防车/救护车被堵，造成了严重的生命财产损失，当地开始严打。其他地区看到这个事情之后，吸取教训，在出事之前严格管理。总不能说“一个地方的流动商贩犯错，却要所有流动商贩承担，这折射出了什么社会现实。”
一只流浪狗犯错，却要所有流浪狗共同承担，这折射出了什么社会现实？,https://www.zhihu.com/question/628287767/answer/3274875808,拿破仑,https://www.zhihu.com/people/na-po-lun-53-50-40,IP属地未知,10,2023-11-03T01:04:42.000Z,2023-11-03T01:04:42.000Z,0,13,杀尽天下恶狗，还世道清静！狗患泛滥，群魔乱舞，弄得老人不敢出门散步，弄得娃娃不敢自由玩耍，如此作虐造恶，必有报应！死后不入轮回，永堕阿鼻！好在有见义勇为者、有城管物业者重拳出击，大力捕杀流浪狗[赞同][赞同][赞同]他们简直就是活生生的罗汉现身，降妖伏魔，弘扬正气，还老人以宁静，还孩子以和平[赞同][赞同][赞同]虽为凡人，必能修成正果，成就金身[赞同][赞同][赞同]
一只流浪狗犯错，却要所有流浪狗共同承担，这折射出了什么社会现实？,https://www.zhihu.com/question/628287767/answer/3271422396,家有小猫叫米糕,https://www.zhihu.com/people/nyyhbi,IP属地未知,881,2023-10-31T06:38:00.000Z,2023-10-31T06:38:00.000Z,2,12,流浪猫狗问题已经不是一年两年，早就该解决了。以前也有管，只是规模没现在那么声势浩大。一只流浪狗犯错，却要所有流浪狗共同承担，这两句并没有必然联系。流浪狗犯不犯错都要管，只是怎么管才能高效的问题。国外的流程已经非常成熟了，也有专门的执行部门来处理流浪猫狗。非要说一个社会现实的话----中国的流浪猫狗灾害，就是该管管了。
一只流浪狗犯错，却要所有流浪狗共同承担，这折射出了什么社会现实？,https://www.zhihu.com/question/628287767/answer/3269637112,在禁言与解封之间,https://www.zhihu.com/people/pu-luo-mi-xiu-che-6,IP属地未知,4246,2023-10-30T00:47:43.000Z,2023-12-08T01:57:02.000Z,0,12,有没有一种可能，流浪猫狗和鼠患一样，对人类社会来说本身就是危害和隐患？它们本质上的区别在哪？当年四害人人喊打，换成猫狗就不行了？就因为它们看起来可爱？在生活圈中放任中大型肉食性动物活动，对于任何一个物种来说都是违反自然规律的。小动保们和我对呛的时候，最喜欢拿共生或者共存动物来说事，然而狗有这个资格吗？人家共存动物是互利共赢的，最起码也是无害的。狗呢，城市里既不需要看家护院，也不需要打猎追捕，就为满足某些BT的爱心。
一只流浪狗犯错，却要所有流浪狗共同承担，这折射出了什么社会现实？,https://www.zhihu.com/question/628287767/answer/3273909939,知乎用户,https://www.zhihu.com/people/,IP属地未知,14,2023-11-02T04:55:47.000Z,2023-11-02T04:55:47.000Z,0,12,这意味着，这群所谓的“爱狗人士”，给真正的爱狗人士招了多少黑？现在不整治他们非要以后再有人提问“一个'爱狗人士'犯了错，却要所有的爱狗共同承担，这折射了什么社会现实？”
一只流浪狗犯错，却要所有流浪狗共同承担，这折射出了什么社会现实？,https://www.zhihu.com/question/628287767/answer/3295258603,WildNo96,https://www.zhihu.com/people/lu-guo-de-yi-zhi-mao-52,IP属地未知,173,2023-11-20T02:22:21.000Z,2023-11-20T02:22:21.000Z,1,12,一个工厂除了安全事故 整个行业整顿 这折射出了什么社会现实
一只流浪狗犯错，却要所有流浪狗共同承担，这折射出了什么社会现实？,https://www.zhihu.com/question/628287767/answer/3296744801,知乎用户,https://www.zhihu.com/people/,IP属地未知,1517,2023-11-21T04:32:47.000Z,2023-11-21T04:36:50.000Z,0,11,因为流浪狗本来就该死啊，流浪狗没死干净只是某些人的失职，或者某些狗的运气好。每次看到类似的问题我都很不理解为什么那么多爱狗人士对狗的习性和本能完全不了解，你们真的养过狗了解过狗吗？发达国家对流浪狗和流浪猫也经常是区别对待，对猫更偏向tnr，对狗更偏向捕捉安乐死。为什么这么“双标”，因为两者对人的威胁性不一样。流浪猫对人的危害是间接的，杀伤野生小动物噪音臭味物品损坏卫生等等。就算野化了，猫的天性也不会让他们群聚而攻击比自己大得多的猎物，猫捕猎基本都是冲着比自己小的目标去的，几乎没有任何流浪猫主动攻击人类，哪怕是人类幼崽的报告，猫面对人类这类体型比它们大的生物，会习惯性地躲避，人类在面对流浪猫的时候也几乎没有任何危险，只要简单的驱赶就行了。而狗就完全不一样了，对人的威胁要高得多，一旦野化，很容易回复狼的本性，会主动地抱团，然后诞生出“头狼”，这是狗和猫最主要的一个区别，流浪狗会集体狩猎，而且还会主动攻击体型比自己大的猎物，一只流浪狗不怎么可怕，一群就有点儿吓人了，狗有追逐猎物的本能，很多没教养的狗，特别喜欢追车追人，只要从它身边快速经过，它就控制不住地边追边教，这就是狗的本能。在面对流浪狗的时候，人类无法像驱赶流浪猫一样简单地驱赶流浪狗，流浪狗们会持续不断地骚扰试探，一旦找到机会就可能会对人类发起攻击，无论是老人还是小孩，无论是男人还是女人——说实话，这多少有些拜狗教教徒的风范了。等到你真的引起了他们的兴趣，希望你对他们的善意能真的打动这群“通人性”的“小动物”。女大学生校内遭流浪狗撕咬 学校一年前打狗曾被围攻中止_哔哩哔哩_bilibiliwww.bilibili.com/video/BV1yW41137w9/?spm_id_from=333.337.search-card.all.click这就是为什么说流浪狗本来就该死，死了最好，死光最好，因为流浪狗确确实实会对人类造成直接威胁和伤害，没死的家伙老老实实不招惹人，让它们多活几天也无所谓，可非要拿1%给99%洗地，非要牺牲人类的安全来造福更多的流浪狗，多少有点儿反人类了是不是？
一只流浪狗犯错，却要所有流浪狗共同承担，这折射出了什么社会现实？,https://www.zhihu.com/question/628287767/answer/3282451330,大气球圆又圆,https://www.zhihu.com/people/cvljbp,IP属地未知,61,2023-11-09T04:27:11.000Z,2023-11-09T04:27:11.000Z,0,11,折射出一只狗是人类朋友，一只工作犬救人，却能所有狗分享功劳的双标社会现实
一只流浪狗犯错，却要所有流浪狗共同承担，这折射出了什么社会现实？,https://www.zhihu.com/question/628287767/answer/3316802373,哇哈哈,https://www.zhihu.com/people/wa-ha-ha-65-86-7,IP属地未知,1,2023-12-07T06:38:41.000Z,2023-12-07T06:38:41.000Z,0,11,你可以出个通告给所有流浪狗看，告诉它们，他们再违法咬人的话，就会被枪毙，是通知到位所有流浪狗哦。，，，
一只流浪狗犯错，却要所有流浪狗共同承担，这折射出了什么社会现实？,https://www.zhihu.com/question/628287767/answer/3319899286,崔汉唐,https://www.zhihu.com/people/han-tang-dao-ye,IP属地未知,5658,2023-12-09T21:36:31.000Z,2023-12-09T21:41:04.000Z,0,11,反映了部分狗友是法盲也不关心人类。我国是以人为本的，保障人权，不保障狗权，所以流浪狗伤人政府有权捕杀。另外流浪狗属于无主之物，捡到的人有处置权，爱养养，爱吃吃。谁可怜它们谁就都捡回家去养起来好了，不过领养的狗要打狂犬疫苗，更要看管好，伤人要担责的。如果是真的爱心人士，与其关心立法保护流浪狗，不如推动立法规范养狗，比如养狗考证，狗伤人入刑，弃养列入失信名单，弃养的狗伤人罪加一等。
一只流浪狗犯错，却要所有流浪狗共同承担，这折射出了什么社会现实？,https://www.zhihu.com/question/628287767/answer/3274124977,某某,https://www.zhihu.com/people/chen-ping-29-38,IP属地未知,28,2023-11-02T07:46:35.000Z,2023-11-02T07:46:35.000Z,0,10,折射出流浪狗问题非常严重，早该治理。流浪狗哪来的，养狗的随意抛弃的。另一个就是流浪狗繁衍，某些人随意投喂。另一个就是监管部门放任不管，流浪狗成群、伤人也不管。小区里，公园里都有流浪狗，真正意义上的流浪狗。
一只流浪狗犯错，却要所有流浪狗共同承担，这折射出了什么社会现实？,https://www.zhihu.com/question/628287767/answer/3313254805,雪鹰,https://www.zhihu.com/people/928-25-2,IP属地未知,60,2023-12-04T12:53:44.000Z,2023-12-04T12:53:44.000Z,0,10,不会吧。国内每年约有四千万人被咬，全是一条狗干的？反正我不信。
一只流浪狗犯错，却要所有流浪狗共同承担，这折射出了什么社会现实？,https://www.zhihu.com/question/628287767/answer/3280009431,啥啥啥呀,https://www.zhihu.com/people/jwd-24,IP属地未知,418,2023-11-07T07:09:17.000Z,2023-11-07T07:09:17.000Z,0,9,流浪狗的存在本身就是一个错误，即便没有某条狗犯错，也必须全部予以消灭
一只流浪狗犯错，却要所有流浪狗共同承担，这折射出了什么社会现实？,https://www.zhihu.com/question/628287767/answer/3270743134,飞跃,https://www.zhihu.com/people/49-33-14-67-96,IP属地未知,159,2023-10-30T15:44:50.000Z,2023-10-31T05:58:38.000Z,1,9,爱狗人士：我觉得狗不应该被囚禁在高楼大厦的钢铁牢笼，密封的房间，绷紧的狗绳上。它们应该属于森林，河谷，草原，属于那些能给予它们食物，阳光，微风，自由的地方。不爱狗人士：但是它们确实不属于城市，城市本身就是给人类建造的地方，这里没有为其他体型较大的动物设计容身之地，每多一只动物，就会多占用一些人的空间，并且由野狗带来的狂犬病，以及其他突发的风险，也使城市拒绝流浪狗。无感人士：不过要用纳税人的钱，为弃养狗的人买单，代价还是太大了。还是选择花费最少的毁灭吧。对流浪狗来说，比起饿死，冻死，病死，这些漫长的痛苦而言，一瞬间的死亡，反而更好吧。（转向题主）（异口同声）：囚狗人士/伤人人士/假公谋私人士，你怎么也来了？论点补充：（很乱，不用再看了）要求牵绳有问题吗？宠物狗跑丢了不就成了野狗？你能确保你的狗不会咬别人，或者吓到老人小孩吗？你这和开车不系安全带，不看红绿灯有什么区别？也对，毕竟车伤的是你，不是他。在外，你连狗是否乱吃东西都控制不住，你是怎么控制住他不乱咬人的？凭他通人性？如果咬了，你是不是还要辩解他只是条狗啊？再有，不牵狗绳本身就有问题吧？轿车左拐超车撞直行大货车，直行司机在打电话，但是应对操作没有问题，大货车司机都要负主责。养狗人和狗就没问题了？会不会伤人和凶不凶没有关系。作为入侵物种的“流浪狗”（或者称为野狗，遗弃狗），本身就是安全隐患。在城市生态系统中，压根没有野狗的位置。2019年8月3日早上，62岁王先生来到石景山游乐场，穿上轮滑鞋准备晨练，此时，秦先生牵着自家的拉布拉多犬，也来到了广场上。松开狗绳的拉布拉多犬开始在广场上撒欢儿，跑到广场边缘时，王先生滑着轮滑正巧经过，人和狗撞在了一起，王先生摔了出去。经诊断，王先生左股骨粗隆间骨折，老年性骨质疏松，伤残程度构成10级。作为家养狗尚且如此，野狗不怕“鬼探头”？还有狂犬病的传播不分凶不凶。狂犬病每年给我国人民带来多少生命财产的损失？只凭这一点，就足以解决野狗问题了。问题在于，流浪狗的存在本身就是对人类的一种安全隐患，好吗？人权大于狗权，人没必要留如此大的风险在城市里，除非它们有不可替代的作用，或者作用远大于风险，好吗？城市，是人类为了人类而建的。一颗地雷是哑弹，不代表可以其他地雷没事。野狗就是一个移动的巨大的地雷群，可能真的会爆的不多，但是一旦爆炸，没有人能在爆炸中全身而退，严重者，比如那孩子，更是会有生命危险。所以狗咬人就没事了？不办狗证，不打相关疫苗，狗就不携带病毒了？别忘了，狗只是狼的亚种，它们甚至可以算是同一种动物。我国每年至少有1500万人注射过狂犬疫苗。根据中国医学救援协会发布的《中国动物致伤诊治规范》指出，我国每年被猫狗咬伤的约有4000万人。根据国家疾病预防控制局透露的数据，2019年中国狂犬病发病数量为290例，死亡人数为276人。[2]虽然乍一看好像不是很多，但是中国却是全球第二大狂犬病高发国家。根据世卫组织的确认，包括西欧、加拿大、美国、日本等在内的43个国家和地区已实现了狂犬病零发生。针对这个问题，我倡导消灭流浪狗，流浪狗本身带有病毒的可能性就远高于家养狗。狂犬病一旦发病，几乎无法救治。而狂犬疫苗也加重了人民的生活负担。最重要的是，这些生命财产安全的问题，本来是可以被避免的。灭杀传染病三方法。灭杀流浪狗属于消灭传染途径。错了！这就是为那个被咬了肾，以及千千万万个过去被咬的，以后可能被咬的孩子发声！难道你觉得“偶然现象”就可以避免清算了？我就不理解了，国家已经在搞各种方法（禁枪，加强普法宣传，天网监控等）削弱人的犯罪冲动了。你为什么要为了“方便狗伤人”的政策做辩护？别人的生命财产安全难道比不上你的狗的自由？人的自由都比不上其他人的生命安全！否则杀人犯为什么要进监狱？这不就是“率兽食人”？你的狗比其他人重要，你比你的狗重要，你要搞种姓制度，还是要搞“异端审判权”。请不要把狗束缚在身边，把它们放回森林，草原回复没有买卖，就没有伤害。请不要再买狗当宠物了。没有流浪狗，只有野狗，或者被遗弃狗，和物种入侵的狗野狗可不是从大地里刷新出来的。好人做到底，送佛送到西。你不会不管它的将来，只图口上痛快吧。哪怕是人道主义毁灭，也比它们将来冻死，饿死，被疾病缠身痛苦而死，发生交通事故等等死法好，至少它们不会那么痛苦了。好的，那么我问你，野狗对人好，还是对狗好？让它们在尘世多忍饥挨饿几年，最后饿死，病死，被车压死……，就对它们更好吗？你所谓的“善”和“敬畏”，是真的考虑它们，还是一意孤行，自我感动？野狗本来就不该出现在城市，它们应该在草原，在森林，在那些他们能尽情奔跑，能抓捕猎物，能肆意戏水的地方。而不是在一个每天吃着工业化狗粮，被所在笼子里，被关在房间里，被牵在手上的巨星牢笼里。请让它回到自己的自由，好吗？不要以“爱”之名，把它自私地束缚在身边了但是野生保护动物协会……我建议您有这个钱还是想办法去放生吧。别撒钱给这帮不干正事的了。对了，放生之前最好了解一下狗的特点，和放生地点。别一放生就成了物种入侵，或者直接无了检疫过不去，工商部门会罚狗肉馆的。他们大多数还是要从养狗场进货的。当然，就跟逃税一样，肯定有狗肉馆铤而走险，不过代价太大，没几个正式营业的狗肉馆愿意做流浪汉有人权，也有完全行事能力和民事能力，也有一个正常的思维活动。想给狗人权，先给他，后面那两个。精神病人之所以被剥夺人身自由的权利，就是因为后面两个条件，他不具备。同样的问题 说说流浪汉吧，不收留却还要救助”把人当成狗，你有没有考虑过，流浪汉也是会被野狗威胁人身安全的。你只是借着他们的名号当大旗，你真的关心他们吗？把人当成狗，把狗当成人。为了狗去伤害人。这不是“率兽食人”什么是“率兽食人”？狗权永远不能高于人权。流浪狗已经出现了系统性的危害，如果对人类的益处远小于危险，那么应该尽早消灭，避免更多的人因野狗受害你有没有考虑过，流浪汉也是会被野狗威胁人身安全的。你只是借着他们的名号当大旗，你真的的关心他们吗退一步来说，你要是真认为狗的地位等同于人。那么就要按照人的要求去对待它。你让它不玩随地大小便，否则给予行政处罚。或者其他为人制定的规则，狗都必须遵守，违反的处罚也与人相同。同时，实行未成年人保护法，在它的心智达不到人类十八岁之前，视饲主为监护人，代行民事或者刑事责任，或者视为精神病人，关进去。你要把狗当成人，给你这个机会，但是如果它达不到正常人的标准，就不要怪别人把它当成不正常的人来对待了！不能让它只享受人的权利，不履行人的义务。想要人的地位和权利就过来拿，只要它能达到人的标准，自然可以拥有人的权利否则，狗从人这里取得的，终究不是尊重，只是怜悯不，实际上养狗本身就是提高了城市管理成本，会增加新的管理问题。也就是说，人类其实是没有权利在城市养宠物的。宠物本身就会挤兑其他人所占有的空间。城市是为了人而准备的，不是狗。城市生态体系里，压根就没有野狗的位置。从国家资源角度考虑。从养狗人身上获得资金，用于管理城市里宠物狗与流浪狗，是再合适不过的了。就像收车税，管理车一样。（转发其他人观点）他们理性了吗，让饲养狗的负起责任，想要流浪狗问题被治理，一堆狗奴造谣污蔑辱骂其他人的一堆呢，还有跑去线下威胁女孩和父亲的人呢，就只是因为有人养狗不栓绳狗去扑咬小女孩，小女孩的父亲把狗了解了，爱狗人士就直接线下对着小女孩威胁他们一家，带几个人围堵他们呢什么时候投毒药了，什么时候折磨了，谣言一传就信是吧，那些口口声声被投毒的有一个报警了吗，大规模扑杀有实际案列吗，把外国的图拿来扣中国这里就骂我们折磨，然后拿谣言理所当然的不让治理流浪狗问题，人不如狗是吧，你们真的是太恶心了还有救助站因为按国外的流程将流浪狗安乐死就被网暴，最后自杀的人都有，爱狗人士才是真正的邪教暴徒，国外所谓的安乐死就是十几天没人领养直接把狗扔进毒气室毒几分钟，差不多了再拉出来直接烧，没毒死的差不多就活活烧死了，这种做法被你们吹捧，但遇到国内的拿网兜兜，一击必命的做法就是虐狗了，网暴保安，网暴一切想要治理流浪狗问题的人，你们怎么好意思舔着脸跑来说其他人不理智，你最好解释解释什么叫做不理智流浪狗的痛苦也是你们这些伪善之人造成的，严格要求养狗人那么弃养就会减少，严格治理流浪狗问题，你嘴里的这些问题同样会减少，嘴上爱狗爱的不行，那你有没有想过，造成这一切的源头是什么，是你们这些爱狗养狗的人，自己不负责任把狗的问题抛给社会还要求其他人替你们兜底，要求其他人花费钱财来满足你们那些虚伪的善心，想要和国外的那些做法，可以爱狗养狗的人多交钱啊，钱给够了给它们建墓都没异议好烦喂流浪猫狗却不带回家的人 他们还觉得自己是爱心人士 实际上却给别人带来了困扰。越喂越多，越喂越聚集，越喂越亲人，然后抓坐垫尿车轮乱拉屎没人管，还往人身边凑。爱狗，不是把狗放在人类之上。爱狗是对品信不会的狗进行调正，而不是把狗类放在人类之上。流浪狗有自己的生存方式，它门的领地意识极强。还有把流浪狗喂多了会让他们失去生存能力，会把流浪狗的警惕性减轻，结果大家都应该知道。为什么要把咬人成重伤或杀人的狗类要处死，和电影《猩球崛起》一样，要让其他动物知道人类不好惹。不管是不是保护动物或者是可爱的动物咬我们，我们可以进行反击 罗翔老师 说过。要记住，我们是高级动物，是人类。他们一边无视被饿死的非洲难民，一边提倡素食主义，一边穿着动物皮毛做成的貂，一边摸着小动物的绒毛说很可爱，一边说要保护小动物 一边又把鸡鸭鱼肉喂给猫猫狗狗吃，为了彰显自己的善良和博爱他们要单独去保护猫和狗，给猫和狗提供比很多人类都要舒适的生存环境，喂入类都吃不起的猫粮狗粮甚至还要共情猫和狗的情绪，但实际上他们是怎么对待猫和狗的呢，把狗当成自己的儿子女儿说是爱它，他们把猫阄割了说是为了它好，他们似乎忘记了这是一个怎样的世界 长相接近于入类审美的我们就养起来把它们当宠物，能够快速生长的鸡鸭只能进全家桶，肉质鲜美的牛羊猪只能上餐桌，不适合圈养的斑马猴子被扔进动物园里做观赏，非哺乳动物的生命更是无人问津，然后你们在那里大意凛然的说有爱心的表现就是保护小动物啊，那么有爱心，那就直接把它养了吧。是不是呀？别说没钱，白饭拌白开水，狗也是吃。再怎样也逼野外要好。自己明明就是不想负责。又想用来投喂把危险和负担转嫁给别人。然后自我感动。想的就是哎呀，我为了这些狗，我好善良就没有想过他这种行为会导致流浪狗生的更多，导致更多倒霉的生命要承受这些痛苦。没有思考过他们给社会治安街道管理带来的负担。说实话，和那种无脑的放生党一样。
一只流浪狗犯错，却要所有流浪狗共同承担，这折射出了什么社会现实？,https://www.zhihu.com/question/628287767/answer/3282254467,清欢渡口,https://www.zhihu.com/people/wei-jiang-92-76,IP属地未知,1648,2023-11-09T02:17:28.000Z,2023-11-09T02:17:28.000Z,1,9,这个就是标准的带偏题，因为什么答案都会带来反面的对抗。先说什么叫一只狗犯错，全国流浪猫狗伤人事件有多少起，有权威统计数据吗？全世界呢？什么叫所有的流浪狗共同承担？全市的流浪狗，全国的流浪狗，全球的流浪狗，它们被抓完了吗？讲讲论语里故事:季路问事鬼神。子曰：“未能事人，焉能事鬼?”曰：“敢问死。”曰：“未知生，焉知死?”在这段话里，孔子大概得意思是还没做好人的事，干嘛操心鬼的事，先好好活着，何必管死后的事。孔子还说出来谄媚这个词，就是去跪拜别人的祖先就叫谄媚。所以，有些所有流浪狗买单的话题是不是谄媚狗？大家说狗是人类忠实的朋友，是所有的狗吗？肯定有各种工作犬，导盲犬，缉毒犬，搜救犬……等等，他们利用身体的优势，对人类社会确实做出了贡献，重一点的这都不是朋友，而是英雄。网上有很多真实故事。其中一个是一条家狗为了不让主人吃有毒的食物，疯狂的撕咬驱赶主人，最后自己中毒而死。直到它死，主人才明白自己的狗为什么那样反常。悲痛之余，只能以葬人的方式葬狗，以示纪念。请问这些工作犬和舍身取义的犬不好吗？是流浪狗吗？这些狗比家里养的白眼狼儿子强吧？但它们绝不会是流浪狗。用流浪狗代替所有的狗本身就是伪命题。捕捉流浪狗就折射什么了？折射出这个社会残忍了？不对吧？每个人都吃肉吧？都穿皮鞋吧？尤其是那些青春丽人，虽然穿的少，但一身奢侈，一个背包万元计价，还要要求多少年的小牛皮才行。她们不残忍吗？她们把动物的皮当装饰品，跟原始人把野生动物的牙齿做成项链挂脖子上有啥区别？好歹原始人为了活命，现代人呢？就是撩骚呗，你要说她们残忍，你真从背后吓她们一嗓子，她们会手捂胸口，撒娇告诉你好害怕啊。可她们是害死小牛的最终受益者。这里面有些人为钱出卖灵魂的时候特别专业，可能不如狗，咋办呢？在人主导的社会里，人是一切问题的根源，狗患就是人患。流浪狗这事，就是社会力量替那些人患者补交作业。真要是爱心四溢，不要以流浪狗的眼光来看人，而已人文的精神去关心狗。阳明先生说知行合一。要为自己的认知有所行动，而不是蹭流量搏热点。我一个朋友就是超级爱狗，家里养的狗都是流浪狗，9条。收养之前，必先洗澡除虫，剪毛绝育。爱到痴迷处，她和9条狗睡大床上，他老公睡沙发。有次小区大妈实在忍不住好奇心，好心提醒她要生孩子，要不然老了这么多狗也不给你养老。她回答，你操心自己吧，这么孩子也没人养你老。狗脾气倔吧！可是她真善良，她不但自己收养流浪狗，还为国际上一个救助熊的基金捐款，我还见了证书。熊大熊二的兄弟们她也保护啊。你真的想为流浪狗发声，你就尽力收养，大大方方说你的狗是善良忠诚的，不是咬人的流浪狗。很简单，不管什么缘分得到的狗，都是你的朋友你的家人，最后都忠于你。你不是所有人类，你的狗也不是所有流浪狗，避免捕捉，那就让所有流浪狗有家可归，不是张嘴光喊。补充一下，写完这篇文章，有些不怀好意的好事者一定会问那些牺牲的民族英雄也不是我的祖先，是不是祭拜他们就是谄媚。回答如下:那些英雄是我们民族的精神支柱，是民族得以繁衍，文明得以传承的守护神，无论任何时候，他们都会得到祖先式的祭拜。如今，祭拜他们是我们的光荣，能以民族国人的身份代表活着的人祭拜他们，是我的荣耀。至于我个人，还想从你的手机屏幕里跳出来，抽你俩嘴巴子，替你家祖先教训你。
一只流浪狗犯错，却要所有流浪狗共同承担，这折射出了什么社会现实？,https://www.zhihu.com/question/628287767/answer/3280140997,这也太无聊了吧,https://www.zhihu.com/people/ac-55-90,IP属地未知,93,2023-11-07T08:42:13.000Z,2023-11-07T08:42:13.000Z,0,8,折射出了狗只是狗，没有人权，存在安全隐患就会被处置的一个现实。等狗有了和人权一样的权利，就不会被处置了。那么问题来了。你愿意让狗得到狗权吗
一只流浪狗犯错，却要所有流浪狗共同承担，这折射出了什么社会现实？,https://www.zhihu.com/question/628287767/answer/3282132571,行渊者耐莫萨拉,https://www.zhihu.com/people/namosara,IP属地未知,10004,2023-11-09T01:00:56.000Z,2023-11-09T08:44:06.000Z,4,8,是直到又有狗咬了人，大家才重新激起了动力去处理这些历史遗留的生物垃圾。问题在于：是谁在疯狂挑事，搞得社会上下都不敢尽早处理这些活体废物。流浪猫狗问题的根源是这些披着“爱护动物”皮层的“斗士集群”，妄图借道动物凌掠他人的“道德高人”。同族同种的人都不爱，你说你爱动物？你爱动物也可以，你拉回去养着给它更好的生活啊？牺牲社会上其他人的安全与利益给你的高尚铺路是什么玩意？
一只流浪狗犯错，却要所有流浪狗共同承担，这折射出了什么社会现实？,https://www.zhihu.com/question/628287767/answer/3273194952,真海,https://www.zhihu.com/people/ai-tu-9,IP属地未知,7,2023-11-01T13:16:39.000Z,2023-11-01T13:17:05.000Z,0,8,说明我们的社会在这块确实落后于西方。人家在清理野猫野狗上是真的在好好执行。
一只流浪狗犯错，却要所有流浪狗共同承担，这折射出了什么社会现实？,https://www.zhihu.com/question/628287767/answer/3282817551,知乎用户,https://www.zhihu.com/people/,IP属地未知,3015,2023-11-09T09:02:32.000Z,2023-11-09T09:02:32.000Z,1,8,对呀，所以城市禁止养狗，以后就不会有流浪狗了，也就不会折射出你发现的这个社会现象了，对吧？
一只流浪狗犯错，却要所有流浪狗共同承担，这折射出了什么社会现实？,https://www.zhihu.com/question/628287767/answer/3282106544,wxd8eefbabb544428a,https://www.zhihu.com/people/wxd8eefbabb544428a,IP属地未知,314,2023-11-09T00:41:00.000Z,2023-11-09T06:20:17.000Z,1,8,因为流浪狗本身就是社会问题。美国70年代开始处理流浪狗问题，高峰期每年处决流浪猫狗2400万只以上。后来对捕获流浪猫狗有人认养的一律强制绝育后送出，无人收养的安乐死。现在每年处决降低到300万只左右。所以对流浪狗猫最有效的是绝育。
一只流浪狗犯错，却要所有流浪狗共同承担，这折射出了什么社会现实？,https://www.zhihu.com/question/628287767/answer/3281274165,伙哥,https://www.zhihu.com/people/huo-ge-34,IP属地未知,5,2023-11-08T06:32:50.000Z,2023-11-08T06:32:50.000Z,0,7,折射出某些人越活越回去的现实，忘了自己祖先们是怎么从动物界脱颖而出的了？
一只流浪狗犯错，却要所有流浪狗共同承担，这折射出了什么社会现实？,https://www.zhihu.com/question/628287767/answer/3273373852,白龍,https://www.zhihu.com/people/bai-long-35-84,IP属地未知,394,2023-11-01T16:08:38.000Z,2023-11-01T16:17:44.000Z,0,7,养狗群体造成流浪狗出现，所造成动物风险隐患，为什么要整个社会共同承担？狗本身就是一种工具，驯化狗就是为了满足人动物需求。那当人的需求不需要狗满足的时间，就会把狗丢掉，这是因为使用人的不负责导致的。为什么整个社会需要替他承担风险和清理成本？其次你看到路上有流浪狗，你觉得它能满足你的需求，你就带回家，凭什么你利用它们满足自己所谓“爱心善心”的情绪价值，却要社会替你承担这些情绪价值的成本？人的错造成流浪狗泛滥，确实是人的错，但流浪狗本身应该存在吗？本来就是一片干干净净的空地，有人乱丢垃圾，我当然知道乱丢垃圾的是人，但垃圾呢？ 难道任由垃圾污染这片干净的空地吗？乱丢垃圾，既要处罚乱丢垃圾的人，也要打扫被乱丢的垃圾。
一只流浪狗犯错，却要所有流浪狗共同承担，这折射出了什么社会现实？,https://www.zhihu.com/question/628287767/answer/3281964955,冰焰,https://www.zhihu.com/people/bing-yan-61-98,IP属地未知,5938,2023-11-08T17:16:24.000Z,2023-11-08T17:21:30.000Z,0,7,流浪狗蔓延成灾的罪魁祸首是谁？1、弃养者；2、不收养、不绝育，但却又投喂者；没有第一种人，流浪狗不会出现；没有第二种人，流浪狗的数量不至于蔓延成灾。尤其是第二种，甚至不以为耻，反以为荣。觉得是自己善心的表现。而为此承担责任的是谁？仅仅是被捕杀的流浪狗吗？被咬的孩子难道不是受害者？居住环境受到狗屎污染的小区居民不是受害者？所以，不是“流浪狗犯错，让所有流浪狗共同承担”而是“弃养者和不文明投喂者犯错，让流浪狗与正常居民共同承担”
一只流浪狗犯错，却要所有流浪狗共同承担，这折射出了什么社会现实？,https://www.zhihu.com/question/628287767/answer/3313465851,安然无恙,https://www.zhihu.com/people/liming-77,IP属地未知,14,2023-12-04T16:37:30.000Z,2023-12-04T16:37:30.000Z,0,7,反映了很多人自己蠢，却还自以为是的偷换概念！这是一只狗犯错引起的吗？明明是一群狗奴长期不文明养狗造成的，现在是在强制狗奴们规范养狗！
一只流浪狗犯错，却要所有流浪狗共同承担，这折射出了什么社会现实？,https://www.zhihu.com/question/628287767/answer/3271636655,icesword,https://www.zhihu.com/people/ren-sheng-12-86-17,IP属地未知,355,2023-10-31T09:09:45.000Z,2023-10-31T09:10:38.000Z,0,7,折射出了三个问题：1、某个群体始乱终弃、口是心非、毫不负责、冷血自私、装腔作势、挟洋自重。2、大多数人都太宽容了，居然容忍那么多危害人类的畜生游荡在周围。3、管理部门太软弱、懒政了：1）疏于管理，导致有那么多人敢于弃养。2）手段软弱，慑于某群体的威胁，不敢大规模、持续处理流浪狗和不规范养狗，导致每年都有血淋淋的事故发生。
一只流浪狗犯错，却要所有流浪狗共同承担，这折射出了什么社会现实？,https://www.zhihu.com/question/628287767/answer/3273660799,qi yang,https://www.zhihu.com/people/qi-yang-77-45,IP属地未知,4637,2023-11-02T01:58:59.000Z,2023-11-02T01:58:59.000Z,0,6,流浪狗没有犯错啊，它们只是按它们的本能活动，何错之有？犯错的是：1、遗弃狗的人，没有遗弃就没有流浪狗。就没有流浪狗引起的人身伤害。2、城市管理部门，没有及时处理流浪动物，没有对狗饲养者的行为进行有效约束。3、网络社交平台，长期纵容无视人的安全权益反而同情流浪狗的言论，这种言论本质就有逆向种族主义的嫌疑，是极端言论，却不加以管理。4、执法部门，对流浪狗引发的各种事件导致的网络暴力事件没有敏感性，导致大量网暴者逍遥法外。大量合法公民因为流浪狗问题，被有组织网暴乃至现实中骚扰威胁而没有得到保护救济。
一只流浪狗犯错，却要所有流浪狗共同承担，这折射出了什么社会现实？,https://www.zhihu.com/question/628287767/answer/3271307208,纸鹿,https://www.zhihu.com/people/xian-ren-zhi-lu-1-81,IP属地未知,3108,2023-10-31T05:01:36.000Z,2023-11-01T05:57:27.000Z,0,6,当时黑色罗威纳作案的时侯，旁边有只白色的拉布拉多。那只白狗最后被抓到了，也还给主人了。可见即便发生这么严重的事件，当地叔叔也是非常实事求是的，该是谁咬的就是谁咬的。我相信大多数的执法者都是通情达理的，哪些是隐患，哪些是无辜，大家分得清。若非如此，大开杀戒也不会等到今天。流浪狗本来就不太适合城市生存，他们也确实有伤人风险。流浪猫危险性小一些，生存能力强一些，但也不能泛滥。至于最后会如何解决，我相信规则会逐步完善。作为发展中国家，所有问题，都是发展的问题。
一只流浪狗犯错，却要所有流浪狗共同承担，这折射出了什么社会现实？,https://www.zhihu.com/question/628287767/answer/3280278478,陈独秀的秀,https://www.zhihu.com/people/chen-du-xiu-de-xiu-37,IP属地未知,0,2023-11-07T10:32:29.000Z,2023-11-07T10:32:29.000Z,2,5,看时间应该又是说罗威纳那个事儿的，那重点来了，咬小女孩儿的是罗威纳是流浪狗不？不是，那是恶犬，而且养这种恶犬的一般都有点家底，也有不少有权有势的。那为啥一群小丑只敢拿流浪狗撒气？老话早就说了，打狗看主人，流浪狗没主人当然可以随便欺负了？毕竟这群小丑现实中能欺负谁？嘴里喊这么凶，真有种拉几个养恶犬的主儿出来跟他们pk一下，毕竟养恶犬的才是该重点整治的对吧，然而他们敢吗？让他们去实名举报一个都吓得不敢喘气，怕被记恨上以后遭报复，就这德行除了流浪狗还能欺负啥？强者抽刀向更强者，弱者的抽刀向更弱者罢了。整天喊着人权大于狗权，现在特权阶级都嚣张成这样了，真搞阶级斗争他们敢不敢？到时候怕都抢着去当特权阶级的哈巴狗吧？可怜又可悲
一只流浪狗犯错，却要所有流浪狗共同承担，这折射出了什么社会现实？,https://www.zhihu.com/question/628287767/answer/3280414298,红尘破劫,https://www.zhihu.com/people/hong-chen-yun-lian-pu-ti-gen,IP属地未知,4287,2023-11-07T12:46:33.000Z,2023-11-07T12:46:33.000Z,0,5,许老板“一个人”犯了错，为什么要让600万业主，甚至全国共同承担，这个错误的“代价”！
一只流浪狗犯错，却要所有流浪狗共同承担，这折射出了什么社会现实？,https://www.zhihu.com/question/628287767/answer/3270538993,恐狂五年患者,https://www.zhihu.com/people/xiao-yin-44-24-68,IP属地未知,10,2023-10-30T12:21:28.000Z,2023-10-30T12:21:28.000Z,0,5,流浪狗哪来的，不是你们这些狗保弃养。
一只流浪狗犯错，却要所有流浪狗共同承担，这折射出了什么社会现实？,https://www.zhihu.com/question/628287767/answer/3296565065,毛毛,https://www.zhihu.com/people/mao-mao-49-74-17,IP属地未知,5,2023-11-21T02:28:50.000Z,2023-11-21T02:28:50.000Z,2,5,作为个普通上班人士，公司看领导脸色回家得哄老婆孩子假期还要回去哄父母开心唯一属于自己时间的上下班的路上我特么还要看野狗的脸色？
一只流浪狗犯错，却要所有流浪狗共同承担，这折射出了什么社会现实？,https://www.zhihu.com/question/628287767/answer/3269744172,鐂畱,https://www.zhihu.com/people/liu-shun-ren-70,IP属地未知,1121,2023-10-30T02:01:06.000Z,2023-10-30T02:01:06.000Z,0,5,狗狗有什么错，错的是违法犯罪的狗主人。但是野狗对人和和环境的危害，对社会秩序的破坏，确实事实存在。中国每年有数千万人被猫狗咬伤，因此面临狂犬病的死亡威胁。我们看如何解决问题，看利弊。其实很简单，全面消灭流浪狗也是野狗对人类有什么害处。同样的，禁止养狗对人类有什么害处。——回答这个问题就可。——答案是对人类没有害处。全面消灭流浪狗也就是野狗对人类和社会的有什么好处。同样的，禁止养狗对人类和人类社会有什么好处。——最大的好处是中国每年有数千万人免受狗咬伤，中国人不用担心被狗伤害，不用忍受狗制造的噪音，不用忍受到处都是狗屎狗尿，不要担心狗破坏财产，不用担心被传染致命的狂犬病。至于某些人认为的陪伴和寄托感情，某些人正是把感情寄托到狗身上去了，才站在狗身上考虑利益、对错，才会反对对人类自身有百利而无一害的做法，才会站在人类利益对立面上，做着反人类的勾当。别扯狗狗也是生命，狗粮里也是生命、植物也是生命呢。只有禁止饲养猫狗，多和人在一起多相处，远离猫狗，那魂才能从猫狗身上回来，才能多一些人味，多一些人性。
一只流浪狗犯错，却要所有流浪狗共同承担，这折射出了什么社会现实？,https://www.zhihu.com/question/628287767/answer/3273380800,阿达的阿玛哈,https://www.zhihu.com/people/long-fu-chao-87,IP属地未知,278,2023-11-01T16:18:49.000Z,2023-11-01T16:18:49.000Z,0,5,因为爱犬人士不肯承担流浪犯错的责任所以只好流浪狗来承担人犯了错误都要承担责任何况是一条狗
一只流浪狗犯错，却要所有流浪狗共同承担，这折射出了什么社会现实？,https://www.zhihu.com/question/628287767/answer/3275564277,清风一缕浮萍远,https://www.zhihu.com/people/qing-feng-yi-lu-fu-ping-yuan,IP属地未知,2874,2023-11-03T09:26:01.000Z,2023-11-03T09:26:01.000Z,0,4,食堂里出现了一个鸭脖，为什么整个食堂都要整顿？因为流浪狗是一个群体一个社会现象，而不是一个个体，所以当这个群体出现问题是尤其你无法预测那一个个体会伤人时，整体处理就是实际上最好的选择(不是理论上)换一个思路就说新冠病毒的死亡率目前是2~3%，为什么个体新冠对人类的杀害要整个新冠家族承担？当然考虑到没有人是爱冠人士所以这个应该不是问题。至于你提的流浪狗的出现是人类的问题，没有错只是没法处理这部分人罢了至少没法让他们付出不可承受的代价，就像最近的联合国安理会的停摆(巴以问题)，都知道为什么但是没办法解决。人生如此。
一只流浪狗犯错，却要所有流浪狗共同承担，这折射出了什么社会现实？,https://www.zhihu.com/question/628287767/answer/3320385337,逆流的鱼,https://www.zhihu.com/people/dick-qu,IP属地未知,4,2023-12-10T08:05:31.000Z,2023-12-10T08:05:31.000Z,0,4,换个角度说，那是进入人类生活区的野生狗群，具有攻击性，不是保护动物，人类应该怎么应对呢？
一只流浪狗犯错，却要所有流浪狗共同承担，这折射出了什么社会现实？,https://www.zhihu.com/question/628287767/answer/3295369646,94575,https://www.zhihu.com/people/94575-59,IP属地未知,33,2023-11-20T03:31:44.000Z,2023-11-20T03:31:44.000Z,1,4,你把问题复杂化了。流浪狗本来就不应该存在。狗的本质是被人类驯化的狼，更准确的说，是有主的狼。所以世上本不应该有流浪狗的。人类生活环境里也不应该有任何威胁到人类的动物存在，比如咬人的流浪狗和毒蛇老虎之类的。流浪狗本来就应该被清除，只是平时因为危害不大，就没有清理。当暴露出客观危害的时候，就必须清理。流浪狗也不应该在野外，因为会破坏野生动物的生活环境，抢占狼的生态地位。因此地球上不应该存在流浪狗。
一只流浪狗犯错，却要所有流浪狗共同承担，这折射出了什么社会现实？,https://www.zhihu.com/question/628287767/answer/3271718875,聆听,https://www.zhihu.com/people/wang-zhao-7-35,IP属地未知,4279,2023-10-31T10:17:28.000Z,2023-10-31T10:17:28.000Z,1,4,这件事背后绝对是有人或者有组织在鼓动首先这次事件的起因并不是来自于流浪狗这件事最开始起始于一只城市禁养犬撕咬人类幼崽然后很多城市开始治理流浪犬，是治理而不是捕杀某种程度上城市治理流浪犬也是一种保护这种保护程度远超过那些爱狗人士但留在这个时候，传出来的是什么新闻？是大规模捕杀流浪犬！问题是各大城市是在大规模治理流浪犬！捕捉之后，可能集中饲养，找人领养超过一定时间后安乐死！这种处理方法和西方国家没区别吧？就问你，如果没有捕捉有多少流浪猫狗能熬过这个冬季？反正在北方，冻死的流浪猫狗绝对要比安乐死的多为什么还有人在带节奏？动不动就说因为一只流浪狗，有必要处决所有流浪狗吗？因为一直流浪狗，有必要让所有流浪狗承担吗？因为一只狗咬人，有必要对所有狗一棒子打死吗？就问你现在自媒体这么发达，人人都是短视频博主你统计一下，到底打死了几只狗？有多少流浪狗死于治理流浪狗？坦白说我看到小孩子被狗咬伤的新闻都大于流浪狗被打死的新闻！在爱狗人士和他们被狗组织的操纵之下，感觉好像不是狗把人咬了，好像人把狗咬了一样！那些爱狗人士真不懂这些？我在之前回答过我们曾经做过的一些事情抓到流浪狗，拿去打疫苗，节育，然后我们这里有座寺庙，专门收养流浪猫狗。有些爱狗人士要是真的爱狗，那就行动起来，起码跟我们一样，别打嘴炮。毕竟冬天来了，绝大多数北方的流浪狗流浪猫都会死于冬季的严寒，这个时候是考验你是否真的有爱心的时候了。别被某些组织和群体利用你们的爱心。爱狗爱猫本没有什么错，但要是被某些群体利用了，只能说没脑子。
一只流浪狗犯错，却要所有流浪狗共同承担，这折射出了什么社会现实？,https://www.zhihu.com/question/628287767/answer/3269382608,Matt,https://www.zhihu.com/people/matt-94,IP属地未知,146,2023-10-29T14:51:51.000Z,2023-10-29T14:51:51.000Z,1,3,这谁提的问题我来抬杠来了首先这问题就歪曲事实这是一个家养的狗犯了罪。放人身上，无缘无故把人打残了，是犯错吗？怎么狗做出这事儿就成了犯错？什么叫流浪狗共同承担？这事儿不栓绳子的也承担。官方明确表态是捕杀吗？还是爱犬人士说的捕杀，让官方背锅？你说现象一，引爆网络的是家养狗伤人。一年4000万猫狗伤人，这些家养的狗的都有，你只看到了几只流浪狗伤人？想问你是网络闭塞还是什么原因导致你说的就几只？确实不是所有流浪狗的伤人，家养的都伤人，流浪的伤人也正常，虽然不是所有的流浪狗都伤人，但是你知道哪些伤人哪些不伤人。爱狗人士那些辨狗之术靠谱不靠谱不知道，难道要全民学习，加入九年义务教育？那些幼童能学会不？我那些不养狗的人为了防止被狗咬，还要学习辩狗之术？人们相信好人更多和强大，和话语权有什么逻辑关系？你说的现象二，流浪狗伤人，诛十族怎么来的？早期是一狗伤人，全狗背锅变成流浪狗伤人，诛杀十族以后是不是就变成，挖狗祖坟？宠物狗伤人啊，那个黑狗不就是宠物狗伤人吗？我不知道那个黑狗后来怎么了。前面母女去摸狗不是被咬了，那个主人不是把狗处死了吗？就现在网上这种反应，抓流浪狗的时候爱狗人士各种攻击别人，攻击政府，流浪狗伤人什么反应？那个柯基伤人被打死了，那爱狗人士什么反应？骚扰小女孩逼问她爸爸是不是好人，威胁说带人堵门。还有那个安徽什么什么宴那个，反正网上曝出狗仗人势，人仗狗势的新闻也不少。人们对流浪狗的态度和傲慢偏见有什么关系。被有主的狗咬了还能找到赔偿，被流浪狗咬了怕找不到赔偿有没有问题？还有养狗人造出的那么多流浪狗为什么要不养狗的去承受比咬的风险？对于现象三，流浪狗不是石头蹦出来的，确实是人的问题，但是那是养狗人的问题不管出于什么原因，你不要老说是人人人，你详细说，不养狗的也是人，这流浪狗和不养狗的人有什么关系？我要给你说个现象四。算了，不说了，说服不了。
一只流浪狗犯错，却要所有流浪狗共同承担，这折射出了什么社会现实？,https://www.zhihu.com/question/628287767/answer/3271360042,菜菜,https://www.zhihu.com/people/sui-yue-jie-bu-du,IP属地未知,30,2023-10-31T05:48:50.000Z,2023-10-31T05:48:50.000Z,0,3,其实很好理解，你把流浪狗想象成流浪蛇，狗其实就只是因为可爱和部分其他原因被人们所喜爱，但如果狗是蛇那样呢？同样的条件，还是有这么多人饲养遗弃，你会害怕吗？蛇会咬人，很可能会有毒，狗也可能咬人，不打疫苗有可能得狂犬病。你生活的地方，随时可能窜出一条蛇，我觉得大部分人应该都会直接和怕狗人士有同样的害怕的感觉了。其次，你怎么能确定其他流浪狗没犯过错呢？只是因为被咬的人抓不到他们，并且没有人会因为他被流浪狗咬了出来给他赔偿，所以一般都只能自认倒霉，就像很多人说的，狂犬疫苗的使用80%都在我国，完全可以看出我国每年有多少人被咬了，就算除去家养的部分也扔旧不是一个小数目，现在大部分人月薪也就三四千，莫名其妙被咬一口一个月工资就没有了谁不憋屈呢最后，狗本身就是被人类驯养的产物，城市生物链没有他们这一环（包括流浪猫也没有），你说的很对，流浪狗流浪是遗弃他们的人做的孽，但且不说找出这些遗弃人有多难，就算找出来了，流浪狗也不会马上就有家了，数量庞大的流浪狗仍然是个大问题。综上，处理是肯定要处理的，只是可以结合弃养惩罚等方式一起处理，从根源减少遗弃
一只流浪狗犯错，却要所有流浪狗共同承担，这折射出了什么社会现实？,https://www.zhihu.com/question/628287767/answer/3276116701,虹弦,https://www.zhihu.com/people/83-93-87-96,IP属地未知,1864,2023-11-04T00:52:51.000Z,2023-11-05T10:26:12.000Z,0,3,为了扭转这一局面，我建议取消捕杀流浪猫狗，并落实流浪猫狗安置政策。确保每个流浪猫狗都能在爱猫狗人士的家中找到安身之所，确保每个流浪猫狗都得到由爱猫狗人士提供的和他们自己对标的食宿水平，确保每个猫狗受到的结扎、去爪术等虐待都能追责到具体的爱猫狗人士并按刑事犯罪处理。在战斗到最后一个没有破产、进监狱或被狂犬病杀死的爱猫爱狗人士之前，我们绝不处决猫狗！
一只流浪狗犯错，却要所有流浪狗共同承担，这折射出了什么社会现实？,https://www.zhihu.com/question/628287767/answer/3304593656,时时关怀,https://www.zhihu.com/people/shi-shi-guan-huai,IP属地未知,10860,2023-11-27T10:57:25.000Z,2023-11-27T10:57:25.000Z,0,2,对于流浪狗和违规饲养的狗，人人有权捕杀。但规则本身是人定的，宽松的规则和严格的规则区别很大。比如北京的重点管理区禁养肩高超过35cm的狗。而广州虽然也名义上禁养大型犬，但大型犬的肩高标准是71cm，事实上除了极个别巨型犬，大多数很大的狗都是可以合法地在街上横冲直撞。在这些养犬管理条例宽松的地区，你的合理的诉求却无法可依。比如经常有这样的例子，在养犬管理规定宽松的城市，市民发现有一只非常大的猛犬，十分可怕，于是投诉。花了很长时间，付出很多精力，执法者测量肩高之后，却告知这个狗是合法的。规则本身就偏向爱狗人士，比执法不严可怕多了。如果是执法不严，你可以较真，要求一定要按照养犬条例严格执行。但条例本身就是充分地讨好了爱犬人士，那你真的是欲哭无泪了。在被爱狗人士把持养犬政策的大多数城市，爱狗人士牵着大狗横冲直撞反而是合法的。你本以为城市禁止养大型犬是天经地义，没想到居然这么一个很普遍很合理的愿望却无法可依。而大多数人没有看清上面的这些关键，所以根本斗不过爱狗人士。大多数人都想当然地误以为”严格立法，普遍违法，选择性执法“。却不知道在养犬管理方面根本不是这么回事。养犬管理方面现在的形势是”除了极个别城市，大多数城市立法就非常宽松，就算百分百严格执法，上限也非常低“。权利都是争取来的。不要幻想决策者会自动帮你考虑。不养狗的人都不去关注养犬政策，决策者就只能听见爱狗人士的声音，然后把条例越改越松。爱犬人士通过抱团发声，让养犬管理政策越来越松，也造成了越多越多的狗咬人事件。如果大众没有针锋相对在政策上与爱犬人士博弈，光吐槽，无行动，则并没有办法改变现状。比如现在深圳拟修订烈性犬名单，新增19个品种，很难得。因为深圳一向都是养犬管理极松，但是狗咬人太多了，所以这次有略微变严格一点的想法。马上爱犬人士们就抱团发邮件抵制政策变严格。爱犬人士的这种抱团能力和动员能力极强。而且是全国的爱犬人士都写邮件。读邮件的领导无法识别写邮件的人是哪个地区的。如果不养狗的人继续不关心这些政策，不去发声，每一次试图变严格的政策都可能被爱犬人士抱团破坏。所以，我们必须行动起来，全国的网友都应该写邮件，督促深圳把养犬管理政策变严格。基本的信息见以下内容：为进一步加强犬类管理，深圳市市场监督管理局拟修订烈性犬名单。为进一步做好深圳犬类管理工作，经调研，并借鉴其他城市规定与做法，结合深圳实际，深圳市市场监督管理局起草了《深圳市烈性犬名单（修订征求意见稿）》（以下简称，意见稿），增加19种烈性犬品种，删除原烈性犬品种一个。据介绍，随着社会经济发展，饲养犬只品种发生了较大变化，品种越来越多样化。近年来，其他一些城市也在陆续更新禁养犬名单，北京市禁养犬有35种、广州市38种、天津市49种、重庆市42种，北京、广州等城市还禁养大型犬。深圳市现有的25种烈性犬禁养名单，已难以适应深圳犬只饲养情况的变化。特别是近期成都发生了罗威纳伤人事件，引起社会巨大舆论关注。为维护社会公共安全，有必要进一步完善深圳市烈性犬名单。根据意见稿，按照目前犬种通俗名称的变化，将原名单的巴西非拉犬改名为巴西菲勒犬，日本秋田犬改为秋田犬，日本土佐犬改名为土佐犬，俄罗斯高加索犬改名为高加索犬，意大利扭玻利顿犬改名为纽波利顿犬。经调研，贝林登梗犬体型较小，已逐渐成为玩赏和伴侣犬种。上海、天津、重庆、广州等城市也已不再将贝林登梗犬列入烈性犬名单内。综合考虑专家以及市民反馈的意见，将贝林登梗犬剔除出烈性犬名单，纳入登记管理。增加19种烈性犬品种：牛头獒犬 （Bullmastiff，别名斗牛獒犬）、法国波尔多獒犬 （Dogue de Bordeaux）、美国斗牛犬（American Bulldog）、罗威纳犬 （Rottweiler）、德国牧羊犬（German Shepherd Dog） 、荷兰牧羊犬 （Dutch Shepherd Dog）、比利时牧羊犬 （Belgian Shepherd Dog）、安纳托利亚牧羊犬（Anatolian Shepherd） 、捷克狼犬（Czech wolfdog） 、昆明狼犬（Kunming wolfdog，别名中国狼犬）、法国狼犬（Beauceron Wolfdog）、爱尔兰猎狼犬（Irish Wolfhound） 、圣伯纳犬 （Saint Bernard Dog）、杜宾犬 （Dobermann）、拳师犬 （Boxer）、松狮犬（Chow Chow）、韩国杜莎犬（Molossarea）、灵缇（Geryhound）、具有上述犬种血统的杂交犬只。有关单位和个人可以在2023年12月10日前，通过以下两种方式反馈：（一）通过信函方式将意见寄至：深圳市福田区深南大道7010号工商物价大厦深圳市市场监督管理局畜牧和兽医管理处收，邮编518040，并请在信封上注明“烈性犬名单反馈意见”字样。（二）通过电子邮件方式将意见发送至xmhsyc@mail.amr.sz.gov.cn，并在邮箱标题注明“烈性犬名单反馈意见”。如果我们只在社交平台上抱怨狗咬人，往往领导看不见。所以在他们征求意见的指定渠道，我们一定要行动起来，让他们听见不同于爱犬人士的声音。
一只流浪狗犯错，却要所有流浪狗共同承担，这折射出了什么社会现实？,https://www.zhihu.com/question/628287767/answer/3273505181,岳龙刚,https://www.zhihu.com/people/yong-he-78-17,IP属地未知,101,2023-11-01T23:55:02.000Z,2023-11-01T23:55:18.000Z,1,2,折射出的最大的问题就是，不要遗弃狗。流浪狗伤人，伤者只能自认倒霉，无人负责。宠物狗伤人，狗主人要负责。这就是区别。那些为流浪狗发声的人，我只有一个问题问你，如过如你们所愿，不清理流浪狗，等下次流浪狗伤人的时候，你是否愿意为了那条流浪狗补偿伤者？
