word,count
流浪狗,1381
动物,506
流浪,465
问题,372
处理,268
养狗,251
爱狗,236
宠物,225
捕杀,216
明星,199
社会,196
城市,183
领养,164
收养,161
保护,142
发声,123
中国,122
爱心,117
进行,115
疫苗,115
支持,112
知道,111
文明,110
事件,104
弃养,104
国家,100
狗狗,95
收容,95
养犬,94
狂犬病,94
直接,91
孩子,90
美国,88
饲养,86
承担,85
遗弃,84
呼吁,83
造成,83
事情,81
政府,80
安乐死,79
愿意,78
伤害,78
解决,78
全国,77
出现,75
必须,74
清理,74
情况,72
攻击,71
生活,70
野狗,69
罚款,69
宠物狗,67
反驳,67
负责,64
数量,64
咬伤,62
安全,59
遛狗,59
威胁,58
牵绳,58
方式,56
生命,55
喜欢,54
善良,54
非常,54
狂犬,54
环境,53
难民,53
法律,51
方法,51
绝育,50
爱犬,50
规范,50
极端,49
家里,49
时间,48
政策,48
权利,48
危害,48
危险,48
狗肉,47
世界,47
完全,47
治理,46
群体,45
组织,45
发生,45
利益,45
建议,45
农村,45
救助,45
相关,44
确实,44
扑杀,43
控制,42
禁止,41
产生,41
发现,40
圣母,40
部门,39
规定,39
真正,38
道德,38
朋友,38
办法,38
肯定,38
手段,38
养猫,38
行动,38
折射出,38
机构,37
简单,37
消灭,37
难道,37
现实,37
泛滥,36
严格,36
继续,36
新闻,36
狗子,35
捐款,35
死亡,35
传播,35
家养,35
传染病,34
热度,34
措施,34
正常,34
全面,34
做法,33
严重,33
东西,33
犯错,33
视频,32
收留,32
烈性,32
网络,31
建立,31
立法,31
com,31
回答,30
官方,30
出门,30
现象,30
狗证,30
目前,29
包括,29
回家,29
残忍,29
风险,29
处置,29
制度,29
执行,29
危险源,29
影响,28
毕竟,28
芯片,28
资金,28
范围,28
养宠,27
整治,27
接受,27
发展,27
出钱,27
捕捉,27
帮助,27
相信,27
证明,27
说明,27
群众,27
工作,27
解决问题,27
容易,26
意见,26
源头,26
学校,26
合理,26
中心,26
提供,26
生存,26
抓捕,26
部分,25
代价,25
付出,25
必然,25
暴力,25
考虑,25
赔偿,25
名单,25
品种,24
禁养,24
老百姓,24
定期,24
平时,24
爱猫,24
专门,24
学习,24
选择,24
忠诚,24
动保,23
满足,23
西方,23
矛盾,23
情绪,23
处死,23
登记,23
价值,23
保险,23
食物,23
污水,23
垃圾,23
反正,22
感觉,22
说话,22
关注,22
成立,22
信息,22
里面,22
数千万,22
病原体,22
保证,22
讨厌,22
搜救,21
形成,21
破坏,21
关系,21
观点,21
猫猫,21
保安,21
狗权,21
正确,21
明明,21
担心,21
公共安全,21
实际,21
集中,21
条例,21
程度,21
蚊子,21
居然,20
逻辑,20
狗患,20
减少,20
国外,20
突然,20
接收,20
强制,20
绳子,20
明白,20
错误,20
协会,20
德国,20
遭受,20
活动,20
野生,20
意识,20
义务,20
事实,20
理解,20
疾病,20
粉丝,19
标准,19
家庭,19
购买,19
老鼠,19
没见,19
流量,19
话题,19
虐杀,19
增加,19
说法,19
集团,19
财产,19
允许,19
生物,19
价值观,18
角度,18
北京,18
伪善,18
条件,18
答案,18
害怕,18
保障,18
攻击性,18
民主,18
合法,18
代表,18
回复,18
遭殃,18
关心,17
宣传,17
表现,17
意义,17
社区,17
提高,17
心里,17
运动,17
侵害,17
变成,17
适合,17
道理,17
惩罚,17
眼里,16
注意,16
居民,16
携带,16
抛弃,16
办证,16
永远,16
门槛,16
例子,16
避免,16
机会,16
制造,16
限制,16
恶犬,16
思考,16
采取,16
英雄,16
先生,16
蟑螂,16
需求,16
女童,15
声音,15
准备,15
虚伪,15
爱护,15
尊重,15
感染,15
爆炸,15
防疫,15
物业,15
诡辩,15
物种,15
想法,15
概率,15
罗威纳,15
口号,14
护院,14
实施,14
网友,14
补充,14
足够,14
受伤,14
市民,14
文化,14
水平,14
主动,14
拴绳,14
理性,14
估计,14
抱团,14
扰民,14
繁殖,14
文章,14
告诉,14
野外,14
具体,14
持续,14
https,14
深圳,14
深圳市,14
毒蛇,14
屠杀,14
感谢,13
微博,13
身份,13
发达国家,13
精神,13
伴侣,13
主流,13
媒体,13
思维,13
嘴套,13
杜绝,13
健康,13
安置,13
房子,13
普通,13
负担,13
公司,13
消耗,13
物质,13
十年,13
免疫,13
方面,13
斗争,13
免费,13
处罚,13
更加,13
训练,13
思路,13
买单,13
资格,13
想想,13
懒政,13
安乐,13
类似,13
空间,13
认识,12
符合,12
没法,12
长期,12
治疗,12
权益,12
狗屎,12
共情,12
发言,12
全世界,12
袭击,12
力量,12
散养,12
稳定,12
绑架,12
明显,12
政治,12
没错,12
工具,12
投放,12
重伤,12
举报,12
檀国平,12
公民,12
流浪汉,12
成群,12
放生,12
约束,12
提出,12
撕咬,12
统计,12
完善,12
犬类,11
野生动物,11
立场,11
网暴,11
万元,11
民众,11
实行,11
互相,11
判刑,11
明确,11
热点,11
平台,11
真心,11
精力,11
防止,11
开车,11
生产,11
共存,11
欺负,11
截图,11
仅仅,11
解决方案,11
心理,11
资源,11
概念,11
说实话,11
方案,11
通常,11
院子,11
意思,11
反应,11
领导,11
决定,11
变化,11
安全隐患,11
娱乐圈,10
目标,10
互联网,10
观念,10
体现,10
清楚,10
解释,10
特殊,10
父母,10
女孩,10
想象,10
捐赠,10
卫生,10
投诉,10
维护,10
竟然,10
根源,10
领证,10
左右,10
额外,10
虐狗,10
灭绝,10
表达,10
建设,10
努力,10
卫生防疫,10
放火,10
决水,10
毒害性,10
放射性,10
街道,10
制定,10
习惯,10
圈养,10
态度,10
监督,10
浪费,10
公众,10
买卖,10
天天,10
犯罪,10
干净,10
放开,10
享受,10
键盘,10
痛苦,10
坚决,10
恶意,10
捐钱,10
饿死,10
阻止,10
维持,10
学生,10
执法,10
明天,10
体型,10
区域,10
请问,10
贡献,10
知识,10
关键,10
缴纳,10
平均,10
印度,10
病毒,10
工作犬,10
Dog,10
狼犬,10
重点,10
野性,10
the,10
and,10
隐患,10
市场,9
手机,9
陪伴,9
显然,9
谴责,9
收拾,9
偷税漏税,9
心疼,9
高额,9
欧美,9
喜爱,9
转发,9
普遍,9
鼓吹,9
花钱,9
疯狂,9
提醒,9
村里,9
简直,9
违反,9
提倡,9
单纯,9
纳入,9
服务,9
检疫,9
方便,9
治标,9
单位,9
合格,9
性格,9
做出,9
生命安全,9
花费,9
母狗,9
操作,9
救助站,9
案例,9
进入,9
国际,9
cn,9
实际行动,9
牺牲,9
杀死,9
罪魁祸首,9
没事,9
完成,9
相应,9
犬种,9
公共,9
出钱出力,9
泛滥成灾,9
宽松,9
坐牢,9
禁狗令,9
谎言,9
感情,9
狗保,9
分析,9
放进,9
奇怪,9
显示,9
两种,9
综艺,8
感动,8
外国,8
阶段,8
稍微,8
定义,8
期间,8
环保,8
缺乏,8
禁言,8
造谣,8
常态,8
收入,8
转移,8
医院,8
附近,8
报警,8
交税,8
全球,8
先进,8
牵狗绳,8
植入,8
指定,8
煽动,8
高贵,8
道歉,8
指责,8
业主,8
绑定,8
渗透,8
冬天,8
违法,8
犯法,8
狗奴,8
屁股,8
困难,8
确保,8
少数,8
节奏,8
担责,8
虐猫,8
疑惑,8
嘴皮子,8
出台,8
情感,8
关爱,8
充满,8
刑法,8
样子,8
疫病,8
结合,8
接种,8
拘留,8
违规,8
宠物猫,8
澳洲,8
加强,8
状态,8
灭杀,8
募捐,8
毛孩子,8
面前,8
笼子,8
擦屁股,8
前提,8
迅速,8
妈妈,8
警察,8
污染,8
税收,8
投入,8
损害,8
思想,8
门口,8
确定,8
专业,8
共识,8
恢复,8
栓绳,8
改变,8
真实,8
活活,8
考试,8
抵制,8
警犬,8
预防,8
亡羊补牢,8
出事,8
注射,8
邮件,8
改名,8
反馈,8
牧羊犬,8
Shepherd,8
狩猎,8
猎物,8
流程,8
html,8
军犬,8
层面,8
赔付,8
口口声声,7
宠物店,7
导盲犬,7
兽医,7
素质,7
侵犯,7
表示,7
社交,7
公园,7
整天,7
畜生,7
受害,7
杨迪,7
重庆,7
高档,7
粮狗,7
主张,7
千万,7
欢迎,7
积极,7
口头,7
办理,7
报道,7
认领,7
博爱,7
号召,7
近期,7
保护法,7
赚钱,7
狗命,7
民族,7
牵引绳,7
合适,7
工资,7
情节,7
宝妈,7
电话,7
黑狗,7
损失,7
基金,7
远远,7
力度,7
繁衍,7
广州,7
重新,7
研究,7
田园,7
期限,7
全民,7
鼓励,7
玩意,7
野猫,7
麻烦,7
完美,7
搞清楚,7
快速,7
搜索,7
全家,7
题目,7
洗澡,7
外面,7
办狗证,7
日常,7
认知,7
收益,7
做成,7
相似,7
追究,7
成年,7
彻底,7
沟通,7
老太太,7
天性,7
灰狼,7
烫死,7
热水,7
重罚,7
处决,7
具备,7
势力,7
奖励,7
公社,7
修订,7
危险性,7
脖子,7
正义,7
通知,7
in,7
切割,7
卢孝林,7
时代,7
行业,7
驯化,7
投毒,7
news,7
http,7
偏偏,6
非法,6
暂时,6
扭曲,6
传统,6
列举,6
放弃,6
创造,6
始终,6
基金会,6
邻居,6
杀掉,6
停止,6
审美,6
实现,6
百姓,6
发泄,6
狗牌,6
集体,6
冷血,6
幻想,6
怀疑,6
孟子,6
狗主,6
十分,6
孝子,6
死活,6
委屈,6
慈善,6
入狱,6
超出,6
开放,6
办手续,6
喜闻乐见,6
消失,6
败类,6
动动,6
掏钱,6
成长,6
话语权,6
公开,6
善意,6
难度,6
监狱,6
请勿,6
寄生虫,6
案件,6
前款,6
高达,6
报复,6
困扰,6
资质,6
实名,6
团队,6
养狗证,6
狂犬病毒,6
抓伤,6
歧视,6
杀狗,6
保守,6
住户,6
抖音,6
奶酪,6
温柔,6
拒绝,6
疫情,6
综合,6
支付,6
付出代价,6
科学,6
夏天,6
哺乳动物,6
捕获,6
保持,6
高尚,6
教育,6
动手,6
禁狗,6
年底,6
种群,6
效果,6
毒气室,6
赔钱,6
毒死,6
总体,6
常识,6
生态,6
饲主,6
开支,6
车主,6
整体,6
满意,6
陈乔恩,6
先说,6
重视,6
生产队,6
检查,6
粮食,6
试图,6
贝林,6
登梗犬,6
降低,6
计算,6
参考,6
干活,6
流氓,6
畜牲,6
电动车,6
题主,6
进化,6
公布,6
快乐,6
程序,6
法律法规,6
祖先,6
新冠,6
数字,6
做错,6
qq,6
shtml,6
记住,5
平民,5
戏子,5
哥哥,5
网民,5
名种,5
逐渐,5
富裕,5
标签,5
彰显,5
搭理,5
热爱,5
偷换概念,5
漏洞,5
体系,5
输出,5
理念,5
压力,5
发达,5
年代,5
疯狗,5
强调,5
宣泄,5
发表,5
厉害,5
名声,5
听说,5
市区,5
警方,5
击毙,5
河南,5
出资,5
医疗,5
战争,5
典型,5
眼中,5
脆弱,5
高级,5
机器,5
负面,5
出力,5
拯救,5
狗会,5
圈子,5
印象,5
出入,5
理智,5
鸡鸭,5
缉毒,5
更新,5
仔细,5
收割,5
坚持,5
男子,5
医药费,5
太低,5
救治,5
记录,5
福利,5
配合,5
巨额,5
真爱宠,5
愚蠢,5
引导,5
嫌疑,5
保镖,5
公平,5
办事,5
张嘴,5
实事,5
争议,5
常见,5
历史,5
体检,5
笑话,5
恐怖组织,5
带入,5
福祉,5
尚未,5
公私,5
死刑,5
拘役,5
暴力犯罪,5
患病,5
妥协,5
温暖,5
幸福,5
敏感,5
北京市,5
特权,5
点点,5
账号,5
投票,5
两条,5
野兔,5
www,5
公安机关,5
抓走,5
原先,5
节育,5
丢弃,5
发动,5
发病,5
散步,5
聚居区,5
畸形,5
咨询,5
毛病,5
百度,5
反感,5
分享,5
展现,5
花坛,5
空调,5
垃圾桶,5
发出,5
骚扰,5
白天,5
声称,5
混淆,5
媳妇,5
争取,5
运转,5
默默,5
特点,5
放心,5
爱护动物,5
图片,5
企业,5
土狗,5
落实,5
设立,5
固定,5
朋友圈,5
吵架,5
义工,5
冻死,5
收费,5
宠物犬,5
放松,5
带回家,5
乱跑,5
狗窝,5
取消,5
权力,5
违法犯罪,5
仁慈,5
杀害,5
噪音,5
活狗,5
证书,5
频发,5
显著,5
回事,5
守法,5
判断,5
baidu,5
吃饱,5
搞笑,5
全面禁止,5
接触,5
偏见,5
拉屎,5
单独,5
释放,5
火车,5
瓶子,5
入刑,5
没关系,5
调研,5
征求意见,5
名称,5
高加索,5
汽车,5
供养,5
带狗,5
途径,5
居住,5
of,5
农民,5
死亡率,5
贪官,5
黑社会,5
背锅,5
消息,5
两年,5
犯罪分子,5
征求,5
承认,5
修建,5
bad,5
磕药,5
推动,5
入侵,5
广场,5
谣言,5
主义,5
接近,5
生长,5
宽容,5
食堂,5
物业费,5
彻底解决,5
敌意,5
规范化,5
事物,5
家长,5
促进,5
实质,5
全额,5
作文,5
sina,5
弱势群体,4
嘲笑,4
形象,4
制高点,4
老师,4
成熟,4
苹果,4
动机,4
帮忙,4
脑子,4
成龙,4
强行,4
出发点,4
中文,4
抨击,4
反映,4
简称,4
意图,4
司机,4
盲目,4
子女,4
强迫,4
主观,4
没养,4
剥夺,4
严厉,4
男孩,4
...,4
建造,4
出面,4
点赞,4
纠纷,4
声明,4
宠物医院,4
销量,4
进步,4
勇敢,4
心态,4
豪宅,4
兄弟,4
阴阳怪气,4
搞破坏,4
lgbt,4
配套,4
撕裂,4
公益,4
公共资源,4
运送,4
块钱,4
幼崽,4
触犯,4
智商,4
圈里,4
守规矩,4
血馒头,4
完事,4
接轨,4
领域,4
悲剧,4
金钱,4
反动,4
火锅,4
发文,4
影响力,4
丝毫,4
压根,4
命运,4
充分,4
学识,4
选择性,4
信徒,4
虚假,4
两次,4
户口,4
官员,4
满满,4
味道,4
安危,4
申请,4
办事处,4
乡级,4
委员会,4
辖区,4
县级,4
运输,4
物品,4
救援,4
身体健康,4
走失,4
家中,4
怜悯,4
扔掉,4
仿佛,4
防治,4
性质,4
老头,4
预测,4
艰难,4
火腿肠,4
征收,4
兔子,4
谢邀,4
中华,4
专家,4
韩国,4
颁布,4
联系,4
俄罗斯,4
考证,4
id,4
问问,4
招惹,4
实干,4
反思,4
恐怕,4
外公,4
剩饭,4
指出,4
诅咒,4
猜猜,4
排海,4
嘴炮,4
身体,4
户外,4
齐全,4
发情期,4
系统,4
难受,4
渠道,4
合理合法,4
留守,4
关怀,4
危机,4
辩护,4
反击,4
棒子,4
机制,4
终身,4
调查,4
隔壁,4
整袋,4
佩服,4
牛羊,4
诉求,4
支出,4
测试,4
干脆,4
立马,4
脑袋,4
移动,4
金白银,4
设施,4
相处,4
名字,4
规矩,4
拍摄,4
英国,4
禁犬令,4
廉价,4
扼杀,4
垃圾堆,4
赞成,4
激烈,4
生存权,4
发展中国家,4
女子,4
干部,4
政府部门,4
video,4
停留,4
平常,4
误导,4
植物,4
危害性,4
反倒,4
mbd,4
cp,4
家狗,4
违章,4
名额,4
特定,4
定时,4
通告,4
星期,4
灯塔,4
扣留,4
没收,4
野化,4
活命,4
遵守,4
抓狗,4
游荡,4
武器,4
产业,4
推荐,4
恶狗,4
玩耍,4
引发,4
稻谷,4
定额,4
老实,4
玉米,4
改造,4
两天,4
前面,4
督促,4
通俗,4
秋田,4
土佐犬,4
法国,4
wolfdog,4
Chow,4
杂交,4
注明,4
博主,4
实践,4
扣分,4
狗群,4
获取,4
想养,4
阶级,4
动作,4
改善,4
销售,4
激化,4
失职,4
缺失,4
陷阱,4
阉割,4
爆发,4
忽悠,4
折射,4
严格执法,4
强奸犯,4
根治,4
草坪,4
周期,4
习性,4
功劳,4
主体,4
日子,4
恰恰,4
高价,4
极度,4
双方,4
恶魔,4
主导,4
传染,4
预期,4
考验,4
嘴里,4
忽略,4
形容,4
承受,4
反抗,4
森林,4
草原,4
王先生,4
生命财产,4
偶然,4
种姓,4
素食,4
生存环境,4
长相,4
谄媚,4
祭拜,4
乱丢垃圾,4
开心,4
寄托,4
老虎,4
花销,4
共处,4
女生,4
颜革,4
动画片,4
装置,4
池子,4
炒作,4
战士,4
阻断,4
厂子,4
成群结队,4
粪便,4
万物,4
消费,4
出发,4
狮子狗,4
网爆,4
奸商,4
烂尾楼,3
逆天,3
男星,3
嫌弃,3
眼神,3
嘴脸,3
惊讶,3
表情,3
韭菜,3
面孔,3
商品,3
阶层,3
受众,3
拦车,3
运作,3
诞生,3
标榜,3
体会,3
追星,3
常年,3
美食,3
电影,3
必定,3
助理,3
营销,3
走狗,3
丰富,3
高度,3
野蛮,3
审判,3
城市化,3
成功,3
太饱,3
恐怖主义,3
保护主义,3
狭隘,3
偷狗,3
魔幻,3
见识,3
称呼,3
趋势,3
侵扰,3
生活空间,3
斥责,3
分摊,3
否定,3
推行,3
束缚,3
猛犬,3
战斗,3
伤势,3
....,3
宝宝,3
文案,3
安排,3
弄死,3
父亲,3
乱窜,3
伤员,3
重庆市,3
徽州,3
现场,3
懂事,3
狗舍,3
身心健康,3
牛肉,3
伤亡,3
妇女,3
聪明,3
营养品,3
种类,3
优势,3
底层,3
推送,3
歌词,3
运气,3
世纪,3
背景,3
重合,3
救救,3
众生,3
吊销,3
十万,3
反中,3
话术,3
反婚,3
反育,3
车轱辘话,3
吸毒,3
纳粹,3
推广,3
漠视,3
杜宾犬,3
高明,3
清清楚楚,3
冷漠,3
展示,3
运行,3
身体力行,3
恶劣,3
演艺圈,3
漂亮话,3
促成,3
核心,3
指标,3
满分,3
答卷,3
Tierschutzgesetz,3
长度,3
虐狗虐,3
原价,3
重疾,3
反虐,3
反爱猫,3
虐猫权,3
真纯路,3
盘活,3
抑制,3
知友,3
狗籍,3
反反虐,3
埋单,3
纳税,3
没脑子,3
安保,3
参加,3
商场,3
恶毒,3
公序良,3
心智,3
暴露,3
难听,3
迎合,3
频繁,3
香港,3
猪肉,3
严惩,3
遗弃罪,3
身份证,3
便宜,3
生育,3
关注度,3
出具,3
村民,3
直辖市,3
产品,3
疫区,3
疑似,3
病死,3
假装,3
面积,3
早晚,3
生病,3
街头,3
团体,3
实话,3
认真,3
道路,3
严控,3
围攻,3
零散,3
难题,3
指导,3
传递,3
掌握,3
聚集,3
袋鼠,3
付费,3
缴税,3
评价,3
居委会,3
闹事,3
生命权,3
良心,3
傻子,3
盈利,3
耐心,3
出手,3
品牌,3
持证,3
保证金,3
山区,3
题外话,3
交换,3
产物,3
提问,3
报告,3
敬佩,3
XX,3
挑选,3
菩萨,3
百利,3
快点,3
相反,3
乱咬,3
周围,3
扶贫,3
陆续,3
增长,3
入室,3
砖头,3
带走,3
现行,3
jpg,3
决心,3
慢慢,3
换成,3
疼爱,3
段时间,3
臭味,3
活生生,3
干干净净,3
注册,3
捐助,3
家门口,3
补偿,3
狼群,3
废水,3
忍受,3
怨恨,3
帖子,3
科普,3
透露,3
生态环境,3
救济,3
兜底,3
低保,3
结束,3
争辩,3
完整,3
歪曲,3
捐点,3
衣服,3
忽视,3
创伤,3
贫困山区,3
否认,3
核污染,3
排放,3
详细,3
眼前,3
形式,3
金额,3
天津,3
泰迪,3
吸引,3
正面,3
队形,3
倡导,3
指挥,3
旗子,3
学会,3
功夫,3
治病,3
荒谬,3
反智,3
偿命,3
省钱,3
刚刚,3
黑白,3
分辨,3
加入,3
捐款捐物,3
改进,3
妥妥,3
闭嘴,3
卫士,3
深层次,3
提前,3
百分百,3
张图,3
讲讲,3
芦荻,3
极高,3
律师,3
乱收费,3
立刻,3
教训,3
劣质,3
排泄物,3
恶心,3
单身,3
出生,3
没钱,3
规章,3
公权力,3
shelter,3
国情,3
昨天,3
倒退,3
始乱终弃,3
金毛,3
公共卫生,3
批量,3
深刻,3
撒尿,3
动员,3
间接,3
中立,3
形势,3
规模,3
命题,3
宰狗,3
店家,3
移交,3
重拳出击,3
天堂,3
餐馆,3
准确,3
挣扎,3
吃掉,3
总结,3
修改,3
严查,3
工业化,3
划分,3
角色,3
轻微,3
严格执行,3
告知,3
相貌,3
车辆,3
电梯,3
培训,3
万支,3
旅游,3
健全,3
宠主,3
量刑,3
消防,3
送养,3
亚种,3
冬季,3
严重破坏,3
晃悠,3
灰色,3
通道,3
种族,3
保护区,3
总数,3
斗牛,3
协助,3
机械,3
撞死,3
百万,3
养殖,3
持久,3
糟蹋,3
社员,3
种子,3
区委,3
制止,3
博弈,3
新增,3
极强,3
适应,3
列入,3
拳师,3
血统,3
畜牧,3
gov,3
听见,3
保险费,3
停车费,3
扣满,3
现代,3
检测,3
咬断,3
弃狗,3
首领,3
位置,3
症状,3
讽刺,3
仓鼠,3
躲避,3
销售额,3
数百万,3
from,3
sterilization,3
numbers,3
关联,3
防护,3
雷霆,3
强化,3
犬舍,3
培育,3
尿裤子,3
资产阶级,3
庸俗,3
倒霉,3
企图,3
兽性,3
衡量,3
预估,3
高低,3
NGO,3
提议,3
驱逐,3
屋里,3
前两天,3
扫黑,3
罪犯,3
炸弹,3
密度,3
关键点,3
惨剧,3
假设,3
白莲,3
捕猎,3
性命,3
预留,3
万件,3
类型,3
轻松,3
补办,3
尝试,3
占领,3
里会,3
达成,3
崇高理想,3
高昂,3
客观,3
电脑,3
强力,3
互动,3
蜘蛛,3
会出,3
演唱会,3
求生欲,3
商贩,3
主动攻击,3
条狗,3
监控,3
扔进,3
善心,3
舒适,3
忘记,3
动物园,3
操心,3
害处,3
义务教育,3
傲慢,3
白皮书,3
伺候,3
欧元,3
估算,3
菜刀,3
挥舞,3
片面,3
设置,3
领回,3
吃饭,3
骨子里,3
辆车,3
乱棍,3
质疑,3
毒杀,3
商家,3
回收,3
补贴,3
套路,3
安全感,3
广告,3
妥善处理,3
发酵,3
买点,3
丢失,3
基础,3
激进,3
污染环境,3
铁链,3
民心,3
清洗,3
开展,3
现状,3
医保,3
串串,3
取悦,3
缺德,3
分子,3
男童,3
具体情况,3
乌克兰,3
天爷,3
时期,3
养殖场,3
枪口,3
新德里,3
前期,3
鼠头,2
欺凌,2
样样,2
鱼子酱,2
电视剧,2
厌恶,2
姐姐,2
赵薇,2
姚晨,2
袁立,2
老赖,2
定性,2
南方,2
早年,2
引入,2
重叠,2
时尚,2
文艺,2
萌宠,2
吃素,2
辛苦,2
认养,2
洪金宝,2
喝酒,2
延伸,2
编制,2
证件,2
广泛,2
词汇,2
赞美,2
批判,2
公知,2
相辅相成,2
消极,2
局面,2
习惯性,2
胁迫,2
两极分化,2
邪恶,2
确切,2
救狗,2
转头,2
餐厅,2
追踪,2
局部,2
亲生,2
兄弟姐妹,2
交集,2
实力,2
苛责,2
批评,2
压制,2
捍卫,2
构建,2
残暴,2
妹妹,2
石头砸,2
拜托,2
动嘴,2
租金,2
喊娘,2
配图,2
跑腿,2
忠犬,2
发布,2
丧失,2
唐山,2
girl,2
差钱,2
求证,2
善举,2
举行,2
浙江,2
中午,2
虹桥,2
途中,2
湖南,2
黄色,2
安徽,2
妻子,2
敢动,2
值钱,2
收取,2
片酬,2
刘雅瑟,2
入籍,2
友善,2
听懂,2
尸体,2
肠胃,2
分钟,2
皮实,2
零食,2
淘汰,2
猫种,2
扭转,2
粮猫,2
医药,2
全包,2
心善,2
ye,2
出口,2
里养,2
碰见,2
发言权,2
词条,2
语言,2
厨房,2
肥肉,2
肥马,2
饥色,2
客户,2
通稿,2
变现,2
禽流感,2
说出,2
牲口,2
宗教,2
病菌,2
收狗,2
强制保险,2
违反规定,2
做文章,2
颜色,2
预制,2
进校园,2
捐出,2
资产,2
犹太,2
出点,2
远程,2
轻描淡写,2
土著,2
利益集团,2
意识形态,2
哀嚎,2
心情,2
旧社会,2
动静,2
赖赖,2
东哥,2
漂亮,2
亲近,2
两岁,2
犬主,2
抹黑,2
抛出,2
引战,2
封杀,2
提高警惕,2
叙利亚,2
默契,2
异常,2
考核,2
知名度,2
天然,2
纯路,2
狠狠,2
挑战,2
公信力,2
猎杀,2
公然,2
毁容,2
枪杀,2
爸爸妈妈,2
轨迹,2
社会化,2
议题,2
深入,2
深度,2
朴素,2
膨胀,2
陷入,2
压抑,2
包容,2
遗失,2
找回,2
圈钱,2
利益驱动,2
劳务费,2
诊疗,2
机关,2
出户,2
佩戴,2
犬牌,2
系犬绳,2
组织协调,2
具体办法,2
屠宰,2
加工,2
染疫,2
农业,2
销毁,2
消毒,2
紧急,2
原住民,2
心理准备,2
深思熟虑,2
克服,2
支撑,2
坚定,2
计划生育,2
勇气,2
义士,2
会闹,2
抗争,2
畏惧,2
益众,2
犬患,2
慷慨激昂,2
剿灭,2
永久,2
选项,2
表决,2
老幼,2
社会主义,2
逾期,2
郭嘉,2
场合,2
zhihu,2
question,2
answer,2
utm,2
psn,2
民法典,2
效率,2
财政资金,2
征兆,2
疼痛,2
逮捕,2
心中,2
棍棒,2
回报,2
尊严,2
阳光,2
幌子,2
众筹,2
......,2
冰山,2
世间,2
青云,2
老板,2
伸出,2
双手,2
相互,2
食材,2
村委会,2
犬科,2
猫科动物,2
松懈,2
武警,2
蝗虫,2
改成,2
饮食,2
贵宾犬,2
排查,2
搜捕,2
里长,2
考取,2
公共场合,2
箱子,2
收集,2
爱宠,2
说句,2
手中,2
卖肉,2
艾瑞,2
xx,2
勉强,2
夸奖,2
两顿,2
太阳,2
亲妈,2
蔬菜,2
反复,2
猫会,2
美日韩,2
抛开,2
贫穷,2
指数,2
速度,2
外机,2
眼睛,2
年前,2
觅食,2
震慑,2
花圈,2
力气,2
中国政府,2
温情脉脉,2
蹲守,2
动力,2
嘲讽,2
外包,2
加油,2
废品,2
请求,2
答应,2
勺子,2
配件,2
奶奶,2
宝贝,2
吃完饭,2
木板,2
沙发,2
毛绒玩具,2
描述,2
母猫,2
爸爸,2
全说,2
质问,2
乖巧,2
纯种,2
逼急,2
风波,2
传言,2
辟谣,2
沸沸扬扬,2
TM,2
口子,2
真爱,2
物资,2
养家,2
相通,2
两脚,2
逍遥法外,2
移民,2
偷换,2
煽风点火,2
转移视线,2
xxn,2
学历,2
恶化,2
越重,2
链条,2
狡辩,2
言语,2
杀手,2
中间,2
区分,2
截止,2
捐献,2
智慧,2
血腥,2
妨碍,2
半夜,2
资助,2
援助,2
贫困,2
发放,2
非爱狗,2
采访,2
抱歉,2
公狗,2
狗生,2
野犬,2
形态,2
智力,2
公示,2
室外,2
发狂,2
电子,2
视作,2
开窗,2
分割线,2
断掉,2
吃饱喝足,2
角落,2
塑料袋,2
光出,2
罗列,2
余光,2
展开,2
率先,2
貌似,2
目光,2
天真,2
两狗,2
未见,2
园区,2
财务,2
十万块,2
红包,2
纯粹,2
财政,2
发工资,2
赋予,2
ps,2
凑热闹,2
明年,2
乞丐,2
清醒,2
探索,2
生出,2
推波助澜,2
心软,2
逻辑思维,2
欺软怕硬,2
黑色,2
白色,2
烧烤,2
前段时间,2
两步,2
祖国,2
辛勤劳动,2
诚实,2
遵纪守法,2
废弃,2
村庄,2
造孽,2
送点,2
复杂,2
半句,2
纸面,2
狂热,2
效应,2
高赞,2
效仿,2
判例,2
骨折,2
评估,2
玩物丧志,2
回国,2
曲线,2
节点,2
嚣张,2
含义,2
惨痛,2
价格,2
主题,2
献爱心,2
装饰品,2
介绍,2
偷偷,2
排遣,2
寂寞,2
直说,2
BB,2
强制性,2
评选,2
声援,2
女演员,2
先锋,2
集中处理,2
招呼,2
真爱狗,2
重税,2
怀中,2
扑倒,2
女性,2
轻易,2
常理,2
劳保,2
技术,2
减轻,2
驯服,2
质量,2
美丽,2
散发,2
马路,2
文件,2
执政,2
douyin,2
纠正,2
坏蛋,2
种族灭绝,2
拥护,2
台湾,2
潜移默化,2
两点,2
争吵,2
幼稚,2
收钱,2
收税,2
狗税,2
仙女,2
阻挠,2
鸡肉,2
抗议,2
海鲜,2
天生,2
定出,2
底线,2
巧合,2
筹集,2
林业,2
环境保护,2
痛恨,2
养貂,2
节目,2
公益广告,2
纪录片,2
种族主义,2
中型,2
威胁性,2
存活,2
佐证,2
排泄,2
链子,2
驱虫,2
店里,2
钓鱼,2
耽误,2
护送,2
祸害,2
家猫,2
追查,2
耗费,2
栓狗绳,2
嘴罩,2
野狼,2
轿车,2
酒驾,2
出售,2
耗子,2
费时间,2
松开,2
公安,2
围堵,2
两周,2
万条,2
领走,2
模式,2
终生,2
屎尿,2
考养,2
精神损失费,2
郊区,2
全身,2
清洁,2
城里,2
城区,2
胡搅蛮缠,2
实际操作,2
喇叭,2
宣读,2
记录仪,2
校园,2
项目,2
抚养,2
重建,2
狗协,2
青蛙,2
罪状,2
榜样,2
报纸,2
雇佣,2
营造,2
表面,2
嗜血,2
游戏,2
靶子,2
男性,2
污染源,2
掐灭,2
境外,2
惩处,2
早日,2
更惨,2
娃娃,2
正气,2
解脱,2
瞎指挥,2
整风,2
整社,2
办公室,2
早稻,2
晚稻,2
支书,2
冉海明,2
栽种,2
命令,2
播种,2
红苕,2
处分,2
错乱,2
季节,2
牵引,2
密植,2
肥料,2
全队,2
改变现状,2
极松,2
略微,2
发邮件,2
广州市,2
天津市,2
犬禁养,2
非拉犬,2
菲勒,2
玻利顿,2
波利,2
顿犬,2
玩赏,2
牛头,2
Bullmastiff,2
Dogue,2
de,2
Bordeaux,2
斗牛犬,2
American,2
Bulldog,2
Rottweiler,2
German,2
荷兰,2
Dutch,2
Belgian,2
安纳托,2
利亚,2
Anatolian,2
捷克,2
Czech,2
昆明,2
Kunming,2
Beauceron,2
Wolfdog,2
Irish,2
Wolfhound,2
圣伯纳,2
Saint,2
Bernard,2
Dobermann,2
Boxer,2
松狮犬,2
杜莎犬,2
Molossarea,2
Geryhound,2
日前,2
信函,2
福田区,2
深南,2
工商,2
物价,2
邮编,2
信封,2
字样,2
电子邮件,2
xmhsyc,2
mail,2
amr,2
sz,2
邮箱,2
标题,2
抱怨,2
头部,2
买车,2
车船,2
车险,2
意外,2
停车场,2
财产损失,2
交通法规,2
安全带,2
防备,2
闯入,2
野狗群,2
家狗群,2
年龄,2
肉食动物,2
杀戮,2
谢谢,2
受罚,2
交通,2
夜里,2
关键词,2
效忠,2
兴趣,2
优秀,2
中医,2
屁话,2
遗留问题,2
垫料,2
United,2
States,2
data,2
across,2
that,2
shelters,2
private,2
have,2
animals,2
euthanized,2
euthanasia,2
declined,2
by,2
for,2
HSUS,2
绝育手术,2
矛盾激化,2
激发,2
学学,2
辩解,2
推卸,2
抽象,2
傻事,2
缺陷,2
马克思,2
污蔑,2
暴力事件,2
苦难,2
讲道理,2
便会,2
划清界限,2
知识分子,2
金丝,2
讲台,2
皇帝,2
未必,2
野兽,2
恐怖,2
苍蝇,2
寻衅滋事,2
极端化,2
极左,2
老路,2
计划,2
没犯,2
逻辑关系,2
点燃,2
逆行,2
众怒,2
罪恶,2
清算,2
名义,2
施行,2
弥补,2
暹罗,2
行政拘留,2
做事,2
傍晚,2
满街,2
棍子,2
解决办法,2
腰疼,2
权责,2
头盔,2
安心,2
法治,2
原罪,2
武汉,2
王新刚,2
挨骂,2
行政处罚,2
懂法,2
放养,2
存活率,2
邪教,2
种养,2
承诺,2
剧毒,2
简陋,2
狗头,2
--,2
学科,2
生效,2
怒气,2
积攒,2
转变,2
解禁,2
记忆,2
杂物,2
工厂,2
消杀,2
追责,2
说点,2
户籍,2
分成,2
会费,2
挂钩,2
服刑,2
侵权,2
禁枪,2
解读,2
怀里,2
犹豫,2
发作,2
医学,2
封闭,2
活捉,2
募集,2
贪腐,2
单间,2
黑点,2
履行,2
网红,2
屠夫,2
硬盘,2
升级,2
格式化,2
废物,2
广义,2
日常生活,2
动物性,2
食宿,2
辛辛苦苦,2
挣钱,2
事业,2
粗暴,2
绳带,2
诛十族,2
居住区,2
惯性,2
重塑,2
追求,2
磕药会,2
抓住,2
流动,2
两句,2
共生,2
整顿,2
双标,2
追逐,2
bilibiliwww,2
bilibili,2
spm,2
search,2
card,2
all,2
click,2
失信,2
牢笼,2
房间,2
毁灭,2
直行,2
货车,2
晨练,2
狗绳,2
构成,2
生命危险,2
确认,2
加重,2
痛快,2
奔跑,2
肆意,2
正式,2
营业,2
民事,2
名号,2
终究,2
折磨,2
烧死,2
吹捧,2
爱狗养,2
罗翔,2
非洲,2
皮毛,2
鸡鸭鱼肉,2
肉质,2
鲜美,2
牛羊猪,2
餐桌,2
斑马,2
猴子,2
观赏,2
反面,2
未知,2
孔子,2
中毒,2
作业,2
眼光,2
超级,2
光喊,2
篇文章,2
屏幕,2
妄图,2
蔓延,2
成灾,2
抽刀,2
特权阶级,2
脸色,2
老婆,2
免受,2
暴露出,2
北方,2
表态,2
说服,2
肩高,2
高标准,2
长时间,2
投胎,2
偶发事件,2
车祸,2
幸运,2
误区,2
发善心,2
治愈,2
独立,2
医疗费,2
饲料,2
正文,2
查证,2
检验,2
证伪,2
推理,2
务必,2
穆斯林,2
时刻,2
加沙,2
会养,2
开销,2
风气,2
试试,2
普通百姓,2
闺女,2
陌生,2
萨摩耶,2
普普通通,2
女士,2
发抖,2
震惊,2
弱肉强食,2
点开,2
感知,2
太惨,2
凸显,2
罚钱,2
限期,2
带动,2
室友,2
养犬税,2
放学,2
修养,2
疤痕,2
抽搐,2
暴戾,2
闹市区,2
征税,2
股子,2
工农,2
干掉,2
弯弯绕,2
表象,2
干涉,2
组建,2
心存,2
生理需求,2
影视作品,2
养活,2
作出,2
税金,2
虫子,2
喝水,2
遮掩,2
出车祸,2
猎犬,2
回顾,2
网传,2
微笑,2
频率,2
毒狗,2
快递,2
核实,2
夸张,2
外卖,2
没道理,2
寝室,2
目睹,2
阴谋,2
窒息,2
寻找,2
宣布,2
粉末,2
物理,2
欧洲,2
监禁,2
决策,2
广东,2
药物,2
合法财产,2
凶狠,2
热心,2
杀绝,2
乡镇,2
严抓,2
冷链,2
散漫,2
vip,2
半年,2
省事,2
爹妈,2
野猪,2
家庭成员,2
推进,2
审视,2
铁丝网,2
饮水,2
加收,2
天狗,2
流感,2
外宾,2
民间,2
碰瓷,2
百年,2
预设,2
百科,2
残杀,2
暴行,2
宰杀,2
行動,2
强烈,2
资料,2
控制中心,2
嘴角,2
表明,2
两口,2
up,2
两难,2
痞子,2
亲属,2
阅读,2
征信,2
交警,2
直线,2
滥杀,2
顽劣,2
残酷,2
偏激,2
死死,2
差点,2
城镇,2
生存空间,2
落单,2
身高,2
体重,2
感受,2
心脏病,2
展厅,2
悠闲,2
现阶段,2
匿名举报,2
奖励金,2
优先,2
法例,2
家畜,2
型养,2
瑞典,2
牲畜,2
发觉,2
常规,2
堪忧,2
合计,2
罪责,2
少部分,2
亿元,2
zg,2
咬成,2
城市规划,2
系列,2
消弭,2
显露,2
new,2
omn,2
roll,2
sohu,2
slide,2
缺点,2
乐山,2
食物链,2
契机,2
煤矿,2
精英,2
天孙,2
围观,2
化粪池,2
劣迹,2
歌颂,2
孤陋寡闻,2
土匪,2
阶级意识,2
魔法,2
单子,2
整体利益,2
异化,2
采取措施,2
东北虎,2
养尊处优,2
食肉动物,2
配文,2
搞错,2
仁义,2
充塞,2
完蛋,2
孟买,2
树荫,2
献血,2
爱鼠,2
畜权,2
生意,2
产销量,2
福分,2
国家级,2
监测点,2
率仅,2
WHO,2
接种率,2
站队,2
祖宗,2
戈壁滩,2
喊话,2
声讨,2
居民楼,2
摆明,1
鸣冤,1
处处,1
留情,1
亲民,1
懵懂,1
女星,1
LO,1
婉拒,1
老子,1
普女,1
冰箱,1
置信,1
抠门,1
贪财,1
两幅,1
德性,1
顶流,1
杨幂,1
失联,1
父子,1
传教,1
高速公路,1
抢狗,1
擦枪,1
走火,1
国产,1
升职,1
洋楼,1
养番,1
日日,1
红酒,1
生活品质,1
种犬类,1
股养,1
名犬,1
爽感,1
刚火,1
奠定,1
肾机,1
戏称,1
街机,1
犬贵,1
咬咬牙,1
仔细观察,1
观察,1
旅行,1
脏活,1
累活,1
衣食住行,1
闲心,1
光鲜亮丽,1
溜溜,1
懂点,1
文写,1
羊驼,1
武师,1
豚鼠,1
鸭子,1
储备,1
口粮,1
鲜明,1
传统观念,1
侮辱,1
狗腿子,1
鹰犬,1
爪牙,1
杂种,1
狗娘养,1
吃屎,1
狐朋狗友,1
鸡鸣狗盗,1
狗官,1
词库,1
审核员,1
反观,1
里常,1
屡次,1
积累,1
刑事案件,1
解放阵线,1
Animal,1
Liberation,1
Front,1
ALF,1
事迹,1
恶名昭彰,1
科幻,1
作家,1
刘慈欣,1
伊文斯,1
申玉菲,1
出演,1
污名,1
战绩,1
累累,1
拘禁,1
运狗,1
诈捐,1
拖欠,1
野味,1
庆功,1
场面,1
逃窜,1
踪影,1
行踪,1
疯癫,1
外衣,1
亲属关系,1
培养,1
误会,1
称作,1
寻常,1
交予,1
分歧,1
申明,1
咖杨迪,1
定然,1
回旋,1
官媒,1
撰稿,1
威慑,1
强硬手段,1
顽疾,1
权限,1
驳倒,1
背负,1
恶名,1
赞扬,1
群愤,1
没动,1
保护措施,1
苛刻,1
笑笑,1
饭菜,1
工夫,1
掀门,1
帘子,1
哭爹,1
代劳,1
邪性,1
狗争,1
icu,1
沈月暗,1
yes,1
no,1
难评,1
坏名声,1
算计,1
案时,1
help,1
奔走相告,1
盛祝涛,1
权贵,1
祭祀,1
典礼,1
拘束,1
青浦区,1
温州,1
中医院,1
白象,1
服务中心,1
奉节县,1
祭奠仪式,1
献花,1
怀化,1
中方县,1
泸阳镇,1
江苏,1
常州,1
金坛,1
菜市场,1
信阳,1
河区,1
东方红,1
城门口,1
蚌埠,1
宴盛祝涛,1
发生争执,1
足额,1
洗钱,1
心满意足,1
珍珠,1
豪华,1
广深,1
学区,1
创建,1
空气,1
香甜,1
环境优美,1
绿卡,1
兴建,1
拉菲,1
神户,1
刺身,1
没说,1
俄乌,1
缩水,1
拉肚子,1
黄狗雀,1
选育,1
筛选,1
抗病,1
土黄,1
优雅,1
繁育,1
竞标,1
供应商,1
巨额利润,1
民意,1
道德感,1
埋土里,1
养花,1
肥土,1
联系方式,1
押金,1
开炮,1
爽快,1
崇拜,1
成脏,1
仇视,1
商品房,1
城中村,1
张牙舞爪,1
谨慎,1
毛钱,1
没红,1
名状,1
汪精卫,1
投晚,1
统战,1
汪伪,1
校长,1
维基,1
动辄,1
天价,1
演出,1
刻板,1
梁惠王,1
重畜,1
非蠢,1
奢侈品,1
烂命,1
圈出,1
点子,1
目标群体,1
奔赴,1
先想,1
禽类,1
猪瘟,1
杀猪,1
家禽,1
村规,1
教义,1
集美,1
两条腿,1
开办,1
链断,1
鞭刑,1
善类,1
局势,1
回忆,1
钉子,1
济公,1
神仙,1
耳闻,1
闲置,1
两厢,1
水流,1
师兄,1
头条,1
光头,1
乐嘉,1
安定,1
营养费,1
误工费,1
筹救,1
万万,1
全网,1
孰轻孰重,1
便明,1
物权,1
真见,1
咬关,1
事发,1
judge,1
帮子,1
渣滓,1
撇掉,1
太高,1
头皮,1
两千年,1
跨国,1
完全符合,1
装逼犯,1
掩盖,1
世界秩序,1
炸毛鸡,1
气势汹汹,1
富狗,1
披麻戴孝,1
丫丫,1
奶牛,1
检测器,1
沽名钓誉,1
红黄蓝,1
说老实话,1
底气,1
急呼,1
空事,1
帅气,1
精心,1
泡制,1
思潮,1
亲密,1
演艺,1
青少年,1
夹带,1
私货,1
纯洁,1
终极目标,1
割裂,1
真狗,1
仇恨,1
棉花,1
重演,1
宣称,1
标杆,1
汉子,1
深恶痛绝,1
积极响应,1
公约,1
格外,1
偏颇,1
烈犬,1
破裂,1
演戏,1
风凉话,1
sb,1
炮弹,1
轰炸机,1
丈夫,1
战场,1
废墟,1
缺电,1
公证,1
天道,1
家园,1
会张,1
没读,1
家庭教育,1
社会教育,1
道德性,1
稳定性,1
道德水准,1
相匹配,1
难免,1
乱说话,1
底子,1
推定,1
反噬,1
基石,1
爱狗党,1
没话说,1
广袤,1
隔绝,1
护理,1
习俗,1
客观事实,1
洗头,1
日耳曼,1
伪科学,1
现代文明,1
理应,1
血液,1
毛发,1
产检,1
准生证,1
事事,1
马虎,1
居住面积,1
肮脏,1
逼仄,1
优生优育,1
耍嘴,1
点钱,1
点实,1
满脑子,1
出名,1
做做,1
捞钱,1
落马,1
关键时刻,1
婊子,1
没安,1
忠心,1
属实,1
贮藏,1
封锁,1
国务院,1
暂存,1
控制措施,1
划定,1
疫点,1
炭疽,1
魏氏,1
梭菌病,1
结核病,1
布鲁氏菌,1
弓形虫,1
棘球,1
螺旋体,1
难处,1
适宜,1
狗怕,1
养狗训,1
皮皮,1
球球,1
平安,1
皮肤病,1
流浪生活,1
遭遇,1
越收,1
障碍,1
通州区,1
玉兰,1
秉公执法,1
传授,1
讨公道,1
投降,1
表率,1
行政,1
官司,1
奋斗,1
知名,1
聊天,1
珠宝商,1
著术,1
金矿,1
迷茫,1
国家博物馆,1
宝玉石,1
专题,1
学术活动,1
答复,1
金陵,1
野百合,1
集资,1
电驴,1
垫子,1
抓坏,1
毛毛雨,1
痊愈,1
意志,1
生死,1
提升,1
甘心,1
精神文明,1
销证,1
挂失,1
赢麻,1
狗屁,1
规避,1
劳民伤财,1
恶势力,1
畏手,1
畏脚,1
容留,1
口笼,1
始养,1
终弃,1
主意,1
设高,1
qj,1
全猫,1
贩卖,1
祸根,1
越发,1
坚守,1
前行,1
异形,1
变态,1
吃客,1
贪婪,1
逊色,1
恩赐,1
施暴,1
相加,1
勾结,1
交易,1
减分,1
立命,1
服装店,1
平方米,1
疯子,1
爱返,1
加倍,1
芳姐,1
明仔,1
找家,1
强凌弱,1
探讨,1
唾沫星子,1
满天飞,1
兜里,1
谩骂,1
出马,1
逐年,1
牛羊马,1
玉石,1
写道,1
华夏,1
红山,1
鸟语花香,1
潺潺流水,1
花粉,1
考古,1
证实,1
阔叶林,1
飞沙走石,1
著作,1
捕灭,1
住房,1
狗配,1
雌犬,1
摸查,1
细心,1
烹饪,1
外销,1
老中医,1
壮阳,1
指日,1
爱国,1
建立健全,1
超证,1
GPS,1
北斗,1
扣取,1
食品,1
落入,1
利维坦,1
剥削,1
东南亚,1
生熟,1
狗加,1
iresearch,1
Detail,1
report,1
isfree,1
保准,1
排核,1
喝核,1
路费,1
虚空,1
PS,1
年迈,1
祝福,1
孙笑川,1
开阔,1
问错,1
快感,1
积蓄,1
生活费,1
舍利,1
Happy,1
Ending,1
东升,1
亲爸,1
转接,1
严重危害,1
洋葱,1
氯酸钾,1
红磷,1
混合,1
加热,1
求求,1
汹汹,1
高见,1
巨婴,1
章程,1
复读机,1
毛主席,1
教导,1
心思,1
搞点,1
休想,1
杆秤,1
坏话,1
说话算话,1
老式,1
住宅楼,1
街坊邻居,1
秋天,1
扰乱,1
楼道,1
停车位,1
粮停,1
盗窃,1
乞讨,1
推门,1
睁开,1
咬牙,1
老远,1
慈祥,1
预知,1
亲手,1
暴政,1
开盒,1
支支吾吾,1
搪塞,1
路径,1
高高,1
轻轻,1
污言秽语,1
丢猫,1
力行,1
私刑,1
执行命令,1
倾注,1
指名道姓,1
潜意识,1
核辐射,1
吃海鲜,1
急诊,1
莫名,1
美元,1
新冠死,1
骨灰,1
失踪,1
行善,1
阴阳,1
友军,1
相机,1
收样,1
简阳市,1
尚武,1
邮寄,1
拒收,1
延年益寿,1
屋子,1
回怼,1
堵死,1
生前,1
瞎胡闹,1
路子,1
焚烧,1
东郭先生,1
勒死,1
生日,1
花园,1
取名字,1
虱子,1
羊奶,1
蛆虫,1
长毛,1
刚生,1
陆陆续续,1
守约,1
抱抱,1
创口,1
平板,1
猫咪,1
宠爱,1
猫条,1
逗猫,1
天冷,1
菜鸟,1
木工,1
窝里,1
舒服,1
预谋,1
没完,1
骚味,1
崩溃,1
毛草,1
猪肝,1
没铲,1
白白胖胖,1
全养,1
爆表,1
爆棚,1
做错事,1
啪啪,1
寻思,1
园田,1
康博,1
发布会,1
仰头,1
事先,1
派生,1
前铁,1
气抖,1
苏州,1
运回,1
独生子女,1
年纪,1
职业,1
脑子里,1
宗教信仰,1
办完,1
美容,1
硬杠,1
发图,1
顿饭,1
车票,1
捐物,1
支教,1
教师,1
投资,1
套房,1
开发,1
香肠,1
嫖狗,1
男渣,1
泻药,1
碾压,1
幼猫,1
毕业,1
没家,1
叹口气,1
传谣,1
切入点,1
清澈,1
鼠疫,1
寿命,1
江里,1
红耳龟,1
龟苗,1
转化,1
救护站,1
救护,1
赤裸裸,1
传导,1
攒齐,1
航母,1
整洁,1
心旷神怡,1
矮子,1
仁义道德,1
美德,1
沦丧,1
指点江山,1
tui,1
强占,1
毁掉,1
干扰,1
境界,1
张贴,1
真建,1
献出,1
痛心,1
友爱,1
诚信,1
遇见,1
冷静,1
武力,1
居心,1
反駁,1
愛狗,1
肯收養,1
承擔,1
路費,1
讨巧,1
关闭,1
开口闭口,1
住院,1
问号,1
慷慨,1
歹徒,1
弃宠,1
抓鸟,1
发情,1
帽子,1
买物,1
热衷,1
文具,1
衣物,1
破破烂烂,1
缝缝补补,1
土松,1
猫养,1
吵吵,1
糊弄,1
掉头,1
走掉,1
买根,1
肚子,1
两室,1
信佛,1
满身,1
跳蚤,1
白白净净,1
香喷喷,1
躁动,1
狗整,1
怀孕,1
狗爹,1
没准,1
难产,1
生完,1
早点,1
裹挟,1
启明,1
尊敬,1
反胃,1
硬气,1
相近,1
生理,1
乌粉,1
精日,1
鱿鱼,1
台蛙,1
压身,1
逐次,1
翻倍,1
收走,1
民警,1
建成,1
报备,1
市政,1
追认,1
条款,1
鲁迅,1
折中,1
房顶,1
框架,1
收服,1
取名,1
德彪,1
狠猫,1
跳水,1
急忙,1
邋里邋遢,1
心想,1
水足饭,1
绕圈子,1
车底,1
扫帚,1
套住,1
吃剩,1
烧饼,1
真怕,1
刘海,1
妈生,1
摇旗呐喊,1
顾狗,1
罪名,1
成队,1
猫生,1
断奶,1
墙角,1
落日余晖,1
饭点,1
商业区,1
温馨,1
瞥见,1
纠缠,1
狗性,1
低沉,1
包围,1
度角,1
晃动,1
侧身,1
直视,1
发难,1
锁定,1
踏脚,1
盲区,1
撒丫子,1
两狗见,1
启动,1
追猫,1
声息,1
目测,1
极速,1
飙升,1
绕开,1
身前,1
血迹,1
发呆,1
巡视,1
损伤,1
稳赢,1
胜算,1
限度,1
开动,1
脑筋,1
港真,1
寿终,1
先天,1
弃婴,1
片区,1
单项,1
试炼,1
女朋友,1
讨伐,1
挑剔,1
筹码,1
赌约,1
口中,1
专项,1
司法,1
监督权,1
司法机关,1
加快速度,1
国家机关,1
哔赖赖,1
超爱,1
声势,1
猖獗,1
反爱狗,1
写份,1
调查报告,1
详实,1
慢条斯理,1
年初,1
布偶,1
扩散,1
包圆,1
辍学,1
家财,1
倾家荡产,1
省时省力,1
设定,1
邻居家,1
琢磨,1
玩死,1
狗妈,1
手术,1
短浅,1
擅长,1
薄情,1
寡义,1
红色,1
紫色,1
绿色,1
贪污,1
淄博,1
轻轻松松,1
试金石,1
红橙,1
黄绿,1
青蓝紫,1
想全,1
走路,1
教教,1
长长,1
万分,1
赞赞,1
身价,1
荣辱观,1
热爱祖国,1
崇尚,1
团结互助,1
守信,1
见利忘义,1
违法乱纪,1
艰苦奋斗,1
骄奢淫逸,1
辗转,1
厂房,1
召集,1
业余,1
摄影师,1
私信,1
规章制度,1
想救,1
磨破,1
气温,1
误导性,1
东施效颦,1
撑腰,1
长远,1
延长,1
新出,1
毒害,1
加点,1
更假,1
义正词严,1
正告,1
发展趋势,1
动物图片,1
必败,1
极力,1
缘木求鱼,1
节节败退,1
收入水平,1
极低,1
撞倒,1
维权,1
钻心,1
费周折,1
学术研究,1
铺张浪费,1
骨干分子,1
纠集,1
捣鼓,1
信誓旦旦,1
北京狗,1
遏制,1
收买,1
巨变,1
象征,1
背弃,1
诺言,1
造势,1
稀里糊涂,1
新版,1
低价,1
妥协性,1
抵挡,1
限狗,1
溃败,1
挡住,1
攻势,1
会变,1
稀缺,1
馆子,1
转行,1
良性循环,1
父子情,1
母子,1
翻脸,1
门外,1
退休,1
鞋子,1
亲热,1
装进,1
纸箱,1
扎紧,1
里成,1
谈资,1
娇生惯养,1
搬家,1
烦躁,1
狗贩子,1
平日,1
厌烦,1
石头缝,1
烂摊子,1
养法,1
太宠,1
穷困,1
占理,1
讲理,1
亲戚,1
半张,1
数目,1
文明城市,1
白莲花,1
感叹,1
惨死,1
吃药,1
遛弯,1
杨迪家,1
app,1
荣获,1
称号,1
契约,1
严格遵守,1
鸡血,1
私猎,1
持枪,1
家住,1
血压,1
狗孙,1
跳脚,1
平均分配,1
言辞,1
找新家,1
慰藉,1
心灵,1
晦气,1
真动保,1
钱养,1
假爱狗,1
妄想,1
丢狗,1
宰割,1
定时炸弹,1
引进,1
手工,1
体力,1
注射剂,1
财政预算,1
民生问题,1
贪赃,1
轮流,1
值班,1
蓬头垢面,1
衣衫褴褛,1
浑身,1
难闻,1
臭气,1
控犬办,1
流串,1
晾晒,1
白菜,1
公告栏,1
字号,1
清新,1
彻头彻尾,1
斯派克,1
抓狗队,1
请爱狗,1
组团,1
饱满,1
太晚,1
中国共产党,1
猜测,1
洗脑,1
露出,1
反问,1
先例,1
车税,1
理中客,1
直呼,1
毒气,1
模糊,1
跳出,1
棘手,1
难搞,1
预算,1
搬出,1
游行示威,1
高度重视,1
店员,1
关门,1
迷惑性,1
新闻标题,1
脚敢,1
溅出,1
分界线,1
杀鸡,1
补刀,1
特权阶层,1
清蒸,1
美味,1
放锅里,1
火锅店,1
锅里煮,1
厨师,1
奇奇怪怪,1
实验,1
神圣,1
阻扰,1
考车,1
教科书,1
写明,1
How,1
Dare,1
You,1
家父,1
深入骨髓,1
进程,1
转折点,1
兔肉,1
啃食,1
疑问,1
树木,1
情愿,1
中央,1
播出,1
摔死,1
剥皮,1
活剥,1
震撼,1
草竟,1
象牙,1
珍稀,1
亿年,1
绿水青山,1
荒原,1
漫画,1
永恒,1
浩瀚,1
物质力量,1
柴静,1
穹顶,1
空气污染,1
片子,1
饱受,1
关停,1
失业,1
扮演,1
开设,1
肉狗,1
偏爱,1
专门机构,1
主持,1
充裕,1
失业率,1
高企,1
切莫,1
右翼,1
抬头,1
信源,1
总犬,1
证办,1
补种,1
肉眼,1
er,1
理想国,1
养狗法,1
so,1
太近,1
石子,1
拔狗,1
扭送,1
罪中,1
治安,1
Ok,1
约束力,1
芙兰,1
报案,1
总动员,1
福星,1
私聊,1
配餐,1
乐意,1
正规化,1
正视,1
价车,1
my,1
me,1
臆想,1
拔毛,1
考考,1
养博,1
博美,1
高兴,1
活力,1
冷汗,1
淋漓,1
心梗,1
毛脸,1
害虫,1
短时间,1
严格控制,1
奇痒,1
福岛,1
凑钱,1
放宽,1
定期检查,1
狗场,1
市级,1
脑洞,1
养育,1
讲狗,1
轻重,1
合规,1
负相关,1
灾难,1
会花,1
耗时间,1
品相,1
洋气,1
热议,1
长沙,1
公道,1
湖南省,1
驻京办,1
辅警,1
位居,1
东北,1
生产厂家,1
进口,1
病源,1
出国,1
媒体报道,1
领领,1
公告,1
电视,1
广播,1
微信,1
QQ,1
短信,1
愈演愈烈,1
通吃岛,1
岛主,1
扔弃,1
取回,1
证狗,1
偷盗,1
市场价,1
全告,1
限定,1
太少,1
房租,1
水电,1
费钱,1
美加州,1
皮肤,1
挂牌,1
非常少,1
前送,1
轮转,1
抵税,1
治根,1
活物,1
寒冷,1
低温,1
缺乏食物,1
庇护,1
昆虫,1
热量,1
处理速度,1
公共道德,1
道德观念,1
胡搅,1
难缠,1
早干,1
扫狗,1
shi,1
关狗,1
条理,1
普通话,1
时狗,1
戴口,1
装狗,1
越久,1
充公,1
里活,1
欠钱,1
融合,1
应许,1
歼灭,1
散居,1
迁徙,1
复兴,1
标识,1
细化,1
两拨,1
猫协,1
报仇,1
温水,1
文明礼貌,1
波波,1
民族团结,1
少数民族,1
职员,1
捕狗,1
暗中,1
汇报,1
观众,1
斗狗场,1
西班牙,1
金卡,1
银卡,1
军法,1
公务,1
鸡法,1
南沙,1
摩萨德,1
远处,1
滑翔伞,1
法玩,1
飞升,1
生成,1
云养,1
火车站,1
喝完,1
弹弓,1
千疮百孔,1
听风,1
甩锅,1
老弱,1
妇幼,1
空白,1
空子,1
亟需,1
漕工,1
衣食,1
维稳,1
顶住,1
陈鹤皋,1
热闹,1
恢复原状,1
倒霉蛋,1
东风,1
索赔,1
世道,1
清静,1
群魔乱舞,1
作虐,1
造恶,1
报应,1
轮回,1
罗汉,1
现身,1
降妖,1
弘扬,1
修成,1
正果,1
乐趣,1
警示,1
次生,1
美日,1
老爷,1
根深蒂固,1
遗毒,1
办公厅,1
省委,1
工作团,1
抄送,1
廖志高,1
堡子,1
横扫,1
揭发出,1
花样百出,1
袍桐,1
党委书记,1
廖国良,1
半熟,1
抢种,1
缺水,1
荒芜,1
少收,1
气候,1
颗粒,1
豆类,1
作物,1
熟透,1
脱落,1
进行批评,1
忿恨,1
突击,1
砍倒,1
乱求,1
豌豆,1
切合实际,1
窝窝,1
装满,1
表扬,1
剩种,1
交社,1
扣饭,1
年冬,1
召开,1
现场会议,1
开会,1
天亮,1
撤职,1
全公社,1
迎接,1
社长,1
李少华,1
指示,1
牛犁收,1
践踏,1
万余斤,1
规格,1
形式主义,1
苗长,1
原公,1
书记,1
陈映辉,1
新种,1
老农,1
顿脚,1
直哭,1
陶玉芬,1
里间,1
竹竿,1
菜藤,1
忽然,1
插花,1
午饭,1
茁壮,1
短命,1
生搬硬套,1
蛮干,1
亩产,1
丰产田,1
秧苗,1
满堆,1
插秧,1
手脚,1
布置,1
秋收,1
两谷粉,1
渡荒,1
改建,1
盛长,1
稻田,1
粪坑,1
盲目性,1
水田,1
劳力,1
改作,1
乾田,1
油菜,1
泥土,1
太湿,1
减产,1
欢快,1
主骑,1
电动,1
回身,1
挥手,1
钝器,1
敲击,1
活动性,1
主动性,1
提狗,1
交强险,1
商业,1
出险,1
停车,1
预计,1
年均,1
维修费,1
数万元,1
需交,1
补偿金,1
侵占,1
法案,1
ABC,1
户主,1
口罩,1
缴费,1
养狗时,1
训养,1
群居,1
充足,1
现出,1
保护性,1
交配,1
互动性,1
颚部,1
嘴部,1
喉部,1
食谱,1
猎食,1
敏捷,1
粉整,1
先考,1
考试费,1
补考,1
偷跑,1
全扣,1
屠宰场,1
报废,1
狗主负,1
逃逸,1
处罚金,1
原始,1
气场,1
争权,1
喜狗,1
悲狗,1
分明,1
舍弃,1
光芒,1
甚狗,1
倍价,1
饱含,1
代入,1
肚皮,1
太美,1
谈判,1
世界观,1
绝佳,1
部位,1
化解,1
越强,1
满脸横肉,1
反派,1
心底,1
花子,1
伴生,1
品德,1
病患,1
病灶,1
腐草化,1
欠费,1
狗成,1
保质期,1
延续,1
气消,1
诺亚方舟,1
公母,1
城市居民,1
见仁见智,1
渠犬类,1
公立,1
私立,1
独居,1
碳水,1
塑料,1
渐渐,1
源飞,1
亿左右,1
罗马尼亚,1
布加勒斯特,1
市政厅,1
Population,1
Sheltering,1
Trends,1
America,1
开篇,1
We,1
present,1
which,1
support,1
idea,1
along,1
with,1
increased,1
responsible,1
pet,1
ownership,1
behaviors,1
efforts,1
veterinary,1
hospitals,1
played,1
role,1
driving,1
sustaining,1
decline,1
unwanted,1
entering,1
being,1
Additionally,1
shows,1
adoption,1
are,1
rising,1
slowly,1
US,1
become,1
an,1
additional,1
driver,1
declining,1
last,1
decade,1
Intake,1
national,1
state,1
level,1
rapidly,1
due,1
to,1
number,1
factors,1
including,1
implementation,1
policies,1
changes,1
practices,1
veterinarians,1
passage,1
local,1
ordinances,1
implementing,1
differential,1
licensing,1
fees,1
intact,1
sterilized,1
pets,1
By,1
mid,1
intake,1
had,1
about,1
The,1
estimated,1
million,1
法令,1
中期,1
容纳,1
市属,1
简易,1
赞赏,1
万次,1
bj,1
baijiahao,1
wfr,1
spider,1
pc,1
ncbi,1
nlm,1
nih,1
pmc,1
articles,1
划款,1
寄养,1
榔头,1
厂商,1
视屏,1
便携式,1
开端,1
肢体,1
行走,1
追加预算,1
克制,1
群众性,1
斗转星移,1
厘清,1
干系,1
吼吼,1
猫腻,1
明眼,1
丑态,1
出声,1
分毫,1
单元,1
口径,1
商业活动,1
完完全全,1
轰轰烈烈,1
极点,1
收紧,1
频频,1
便利,1
盲目行动,1
盲动主义,1
远点,1
两失,1
抛荒,1
复垦,1
复耕,1
玩玩,1
做点,1
改正,1
玩尿泥,1
口舌,1
冷嘲热讽,1
贬义,1
左派,1
欺瞒,1
恩格斯,1
革命家,1
良药,1
压迫,1
真真正正,1
听取,1
考察,1
选出,1
会面,1
共产党,1
宣言,1
中说,1
客观规律,1
尊重事实,1
出错,1
吵吵嚷嚷,1
极右派,1
右派,1
肃清,1
原子弹,1
轰炸,1
糟糕,1
愁眉苦脸,1
喜笑颜开,1
作乐,1
屁滚尿流,1
求爹,1
告奶,1
馒头,1
开战,1
联手,1
太太,1
优越,1
眼镜,1
摊开,1
空洞,1
枯燥,1
长吁短叹,1
愚民,1
民智未开,1
田官,1
稻种,1
锄头,1
水渠,1
浇水,1
肥力,1
土壤,1
太重,1
念厚书,1
产量,1
饿肚子,1
赋税,1
幸免,1
心知肚明,1
明知,1
狠毒,1
居民区,1
附带,1
专业训练,1
住宅,1
局限,1
没进,1
发财,1
赔偿金,1
狗崽子,1
手续,1
战胜,1
十元,1
判定,1
放手,1
走极端,1
造化,1
胡说,1
老板娘,1
爱狗观,1
诱导,1
远洋货轮,1
集装箱,1
印度尼西亚,1
祸患,1
神神,1
国党,1
海外,1
应润,1
光天化日,1
巢穴,1
耻辱,1
满屋,1
撒药,1
满门抄斩,1
通篇,1
绳圈,1
断尾,1
轰出,1
家门,1
奴隶主,1
摆摆,1
超速,1
行驶,1
闯红灯,1
ICU,1
镇子,1
滔天,1
顶层,1
注视,1
揭开,1
重重,1
黑幕,1
棺材,1
重回,1
现世,1
万幸,1
迈出,1
弥漫,1
饶恕,1
善政,1
化形,1
狗畜,1
孝敬,1
动荡,1
象征性,1
阻拦,1
博动,1
UP,1
两层楼,1
普遍现象,1
驾出,1
醉驾,1
孙子,1
孙女,1
诧异,1
责问,1
矛头,1
恶性事件,1
抬腿,1
倒闭,1
霸道,1
饥饿,1
性情,1
暴烈,1
弯腰,1
稀泥,1
车买,1
闯祸,1
例外,1
会点,1
蚊香,1
公蚊子,1
闹市,1
灭蟑螂,1
寄生,1
狼会,1
明文规定,1
清净,1
睡眠,1
环境变,1
粉饰太平,1
头目,1
交流,1
处心积虑,1
试错,1
空话,1
会闹会,1
抢夺,1
跳楼,1
劝说,1
逼死,1
饮酒,1
弱化,1
行政区,1
县区,1
刑事拘留,1
疯魔,1
投食,1
轮胎,1
狗德狗纪,1
楼梯,1
拉扯,1
非纯,1
警惕,1
性状,1
猜会,1
机率,1
强悍,1
短暂,1
干预,1
狼幼,1
循环,1
兴风作浪,1
风评,1
注目礼,1
跑掉,1
出表言,1
茶言,1
茶语,1
傲天,1
描写,1
爱玩,1
翻滚,1
寒武纪,1
性器官,1
eg,1
奇虾,1
罚点,1
含肉量,1
冻干,1
羊奶粉,1
残疾,1
柴犬,1
徒步走,1
兴奋,1
公厕,1
拉完,1
难养,1
龙傲,1
弄清楚,1
摸清楚,1
杯水车薪,1
蔡振,1
放置,1
proposalZF,1
远郊,1
公党源,1
公正,1
美式,1
网站,1
外貌,1
重量,1
奶狗,1
吃奶,1
助学金,1
提案,1
DNA,1
积分,1
刑罚,1
查询,1
狗吠,1
闯出,1
全城,1
反扒,1
燃鹅,1
功勋,1
共享,1
救出,1
惩戒,1
翻译,1
福建,1
高校,1
幸未,1
呼唤,1
零星,1
合情合理,1
认命,1
著名,1
头疼,1
章盖,1
试题,1
会学,1
严丝合缝,1
袒护,1
拆分,1
会议,1
统称,1
计策,1
假意,1
合法化,1
两招,1
残留,1
脑中,1
历程,1
步步,1
紧逼,1
痛定思痛,1
捅出,1
篓子,1
混混,1
意外险,1
堵塞,1
消防通道,1
设备,1
zz,1
事怕,1
神农架,1
生蛋,1
蛋生,1
成狗,1
年头,1
感兴趣,1
工作岗位,1
物力,1
财力,1
参加考试,1
交养,1
狗险,1
险交,1
保险公司,1
两千元,1
记作,1
趋利避害,1
掂量掂量,1
损害赔偿,1
分包,1
养狗会,1
封顶,1
驾驶证,1
层级,1
万扣,1
累计,1
次分,1
严谨,1
书面,1
严禁,1
两万元,1
次数,1
黑名单,1
怪罪,1
雷区,1
高中生,1
独立思考,1
听题,1
罚没款,1
转载,1
禁毒,1
毒性,1
先养,1
表演,1
双重标准,1
毒瘤,1
救回,1
冻僵,1
解冻,1
救活,1
救醒,1
宣扬,1
果断,1
罹患,1
少量,1
现代医学,1
阎王爷,1
废话,1
夺取,1
前提条件,1
势必,1
开辟,1
职责,1
坚固,1
围墙,1
围栏,1
认真负责,1
社保,1
带薪,1
暖气,1
入驻,1
池中,1
里建,1
招聘,1
工作效率,1
乐园,1
抓紧时间,1
高声,1
狗养,1
生育权,1
短短,1
节制,1
筹备,1
谈恋爱,1
越长,1
越细,1
饭馆,1
瘟疫,1
婊网,1
描绘成,1
骂名,1
惨淡,1
收场,1
CPU,1
陈旧,1
落伍,1
型号,1
算盘,1
运算,1
分区,1
软件,1
操作系统,1
编译语言,1
点心,1
前见,1
补救,1
天花,1
域外,1
姿态,1
成文,1
身体状况,1
轻柔,1
差异,1
满屋子,1
秩序,1
陪葬,1
没出,1
送医,1
万计,1
计量,1
高出,1
YPM,1
军方,1
剧情,1
刻意,1
硬刚,1
收获,1
赚取,1
耍流氓,1
输送,1
外部性,1
指摘,1
十分复杂,1
年费,1
外出,1
严苛,1
成效,1
刨根问底,1
货腿,1
Py,1
拍手称快,1
doge,1
失责,1
定点,1
鼠药,1
定居,1
聚居,1
投饵,1
厨余,1
骤然,1
信仰,1
固执,1
兼具,1
流传,1
悬崖勒马,1
车会,1
驾车,1
刺激,1
精神状态,1
磕药花,1
钱会,1
武装力量,1
阻力,1
消防车,1
救护车,1
吸取教训,1
必然联系,1
高效,1
----,1
灾害,1
生活圈,1
肉食性,1
互利,1
追捕,1
BT,1
tnr,1
杀伤,1
损坏,1
群聚,1
没教养,1
追车,1
试探,1
拜狗教,1
教徒,1
风范,1
中止,1
死光,1
确确实实,1
没死,1
家伙,1
老老实实,1
造福,1
枪毙,1
狗友,1
法盲,1
处置权,1
养养,1
囚禁,1
钢铁,1
密封,1
绷紧,1
河谷,1
微风,1
设计,1
突发,1
漫长,1
囚狗,1
假公,1
谋私,1
红绿灯,1
车伤,1
左拐,1
超车,1
负主责,1
生态系统,1
石景山,1
游乐场,1
轮滑鞋,1
轮滑,1
诊断,1
股骨,1
粗隆间,1
老年性,1
骨质,1
疏松,1
伤残,1
探头,1
哑弹,1
诊治,1
高发,1
世卫,1
西欧,1
普法,1
天网,1
削弱,1
异端,1
审判权,1
刷新,1
送佛,1
图口,1
缠身,1
死法,1
尘世,1
忍饥挨饿,1
压死,1
敬畏,1
戏水,1
巨星,1
正事,1
工商部门,1
会罚,1
养狗场,1
进货,1
逃税,1
行事,1
系统性,1
益处,1
代行,1
挤兑,1
收车,1
辱骂,1
毒药,1
案列,1
暴徒,1
兜兜,1
必命,1
脸跑,1
钱财,1
交钱,1
建墓,1
异议,1
坐垫,1
车轮,1
品信,1
警惕性,1
猩球,1
绒毛,1
阄割,1
凛然,1
白饭,1
白开水,1
社会治安,1
偏题,1
权威,1
全市,1
季路,1
问事,1
鬼神,1
事鬼,1
跪拜,1
忠实,1
反常,1
悲痛,1
纪念,1
舍身取义,1
白眼狼,1
皮鞋,1
青春,1
奢侈,1
背包,1
计价,1
牙齿,1
项链,1
撩骚,1
嗓子,1
会手,1
胸口,1
撒娇,1
害死,1
出卖灵魂,1
补交,1
阳明,1
剪毛,1
痴迷,1
老公,1
养老,1
脾气,1
缘分,1
民族英雄,1
精神支柱,1
传承,1
守护神,1
光荣,1
荣耀,1
遗留,1
挑事,1
活体,1
皮层,1
斗士,1
集群,1
凌掠,1
铺路,1
高峰期,1
活越,1
动物界,1
丢掉,1
承担风险,1
装腔作势,1
挟洋,1
容忍,1
太软弱,1
软弱,1
血淋淋,1
敏感性,1
作案,1
时侯,1
白狗,1
叔叔,1
通情达理,1
家底,1
撒气,1
老话,1
pk,1
喘气,1
记恨,1
德行,1
阶级斗争,1
假期,1
社会秩序,1
死亡威胁,1
利弊,1
粮里,1
家族,1
爱冠,1
联合国安理会,1
停摆,1
生活区,1
复杂化,1
抢占,1
鼓动,1
坦白说,1
寺庙,1
严寒,1
抬杠,1
歪曲事实,1
引爆,1
万猫,1
闭塞,1
辨狗,1
幼童,1
辩狗,1
早期,1
全狗,1
诛杀,1
十族,1
挖狗,1
祖坟,1
母女,1
柯基,1
逼问,1
堵门,1
曝出,1
狗势,1
石头,1
蛇会,1
窜出,1
月薪,1
憋屈,1
驯养,1
生物链,1
找出,1
安身,1
结扎,1
爪术,1
刑事犯罪,1
破产,1
巨型,1
测量,1
非常低,1
越改越,1
光吐槽,1
公理,1
dy,1
介意,1
疗程,1
推测,1
举出,1
常挂,1
晒出,1
初期,1
够花,1
安置费,1
税里,1
抽象化,1
排雷,1
海报,1
出生入死,1
剩菜,1
分量,1
推断出,1
率高达,1
质检,1
dw,1
报名,1
双赢,1
双脚,1
慈悲,1
-----------------------------,1
链接,1
文中,1
特意,1
张口,1
更乖,1
摊牌,1
抚慰,1
投弹,1
义演,1
love,1
peace,1
dog,1
齐心协力,1
定罪,1
设想,1
休闲,1
争争,1
做梦,1
缓解,1
没带,1
炫富,1
脑残,1
没碍,1
坐电梯,1
说辞,1
女孩子,1
动手动脚,1
重复,1
脑残爱狗,1
整改,1
凶恶,1
旧事,1
振聋发聩,1
出巡,1
市容,1
支配,1
物竞天择,1
长治久安,1
浓度,1
音快,1
加持,1
红眼,1
两件事,1
泄愤,1
意外事件,1
主次,1
摘取,1
难怪,1
意愿,1
观测,1
体验,1
戕害,1
摇尾,1
乞食,1
悲惨,1
深夜,1
保全,1
评判,1
发挥,1
特长,1
先改,1
拘捕,1
时限,1
悄悄,1
交清,1
拍卖,1
转卖,1
档案,1
厘米,1
缝线,1
触目惊心,1
乡间,1
紧张,1
心跳,1
加速,1
生产力,1
饱饭,1
常常,1
叔家,1
厢房,1
堆放,1
橘黄色,1
咬住,1
摇头,1
板砖,1
吐沫,1
分布,1
时分,1
杨树,1
贷款,1
筹款,1
租片,1
均贫富,1
全村,1
gou,1
锅里,1
行辣,1
讲究,1
实惠,1
性化,1
仪式,1
掩盖住,1
场景,1
透明,1
遮罩,1
假象,1
返回,1
真棒,1
千万级,1
出气,1
拘押,1
安全意识,1
痛骂,1
渣子,1
高强度,1
身躯,1
SM,1
割肉,1
义举,1
蔑视,1
欺骗,1
洗犹洗,1
招数,1
西式,1
痕迹,1
ID,1
海里,1
啄伤,1
划伤,1
乌托邦,1
长命百岁,1
坏孩子,1
禁掉,1
动画,1
影视,1
开路,1
阴暗,1
酌情,1
酌情处理,1
禁令,1
母亲,1
白血病,1
健康权,1
护卫,1
桥梁,1
备注,1
健身器材,1
路灯,1
公共设施,1
趋近,1
阶梯,1
税率,1
税额,1
登记制,1
稽查,1
未登记,1
税款,1
专项基金,1
垃圾处理,1
收支,1
刷屏,1
tag,1
控诉,1
深感,1
愤怒,1
心惊,1
出镜率,1
煽情,1
忍心,1
密密麻麻,1
引诱,1
宠物食品,1
酸辣粉,1
群情激奋,1
感慨,1
加惨,1
纷纷,1
祈祷,1
旧闻,1
博主说,1
活蹦乱跳,1
阵子,1
图书馆,1
卡拉奇,1
Karachi,1
遥远,1
包装,1
破损,1
肇事,1
停职,1
停手,1
执意,1
基层,1
公开场合,1
热传,1
编排,1
挑衅,1
爱情,1
澄清,1
剪辑,1
没干,1
区里,1
激动,1
痛斥,1
情绪化,1
密闭,1
伦敦,1
交出,1
身体检查,1
钢叉,1
插住,1
州政府,1
安装,1
形似,1
喷头,1
橘色,1
氰化钠,1
化学反应,1
氰化氢,1
气体,1
CO,1
注入,1
送入,1
焚化炉,1
灰会,1
环境部,1
行动计划,1
十美元,1
化学,1
类目,1
射击,1
重击,1
斩首,1
放血,1
麻醉剂,1
希腊,1
时间段,1
价格昂贵,1
乱拉乱,1
越会,1
撕碎,1
消耗量,1
市场份额,1
伊朗,1
完全正确,1
转换成,1
马斯洛,1
低级,1
余力,1
理想化,1
配种,1
特征,1
残缺,1
折耳猫,1
茶杯,1
BBC,1
腊肠犬,1
查理斯,1
王犬,1
温带,1
流口水,1
恶臭味,1
手术费,1
炫耀,1
纠结,1
清晰,1
浑水摸鱼,1
旗号,1
迫害,1
财产权,1
恃强凌弱,1
受理,1
公设,1
先辈,1
奉献,1
痛恶,1
难驯,1
干完,1
眼珠子,1
LGBT,1
生厌,1
暗爽,1
干点,1
鸡毛蒜皮,1
冰冷,1
白领,1
粮发,1
极限,1
聚焦,1
空谈,1
酸菜,1
咸菜,1
查冷链,1
花点,1
洗洗澡,1
光会口,1
岛国,1
沉岛,1
挑动,1
水浴,1
担忧,1
专款,1
搞动保,1
交费,1
骗钱,1
池里,1
球蛋白,1
明细,1
题主说,1
半米,1
百十,1
套子,1
留神,1
爪子,1
肩膀,1
嘴馋,1
嫌脏,1
退役,1
安稳,1
劳动,1
规守矩,1
扑灭,1
筹集资金,1
太闲,1
主播,1
免疫针,1
宝贵,1
珍稀动物,1
狮子,1
棕熊,1
包含,1
绳索,1
聚焦点,1
体谅,1
发电,1
玉林,1
风俗,1
门卫,1
饭碗,1
狸花,1
美短,1
偷鸡摸狗,1
空中楼阁,1
荒诞,1
入户,1
演发,1
呼声,1
迟迟,1
楼房,1
抓铺,1
供应,1
犬栓,1
称赞,1
两万,1
善款,1
两万块,1
认账,1
穷鬼,1
房价,1
两枣,1
号称,1
穷苦,1
漂泊,1
村落,1
投票决定,1
平摊,1
整件事,1
断崖,1
超越,1
硬性,1
路面,1
寻狗,1
板块,1
没找,1
纯纯,1
冤枉钱,1
理发店,1
洗车行,1
超市,1
改革开放,1
绳长,1
非黑,1
零头,1
约克夏,1
凑数,1
敷衍,1
口诛笔伐,1
雕塑,1
针孔,1
默认,1
出入境,1
反差,1
变革,1
修狗,1
分点,1
汉语,1
词语,1
拼音,1
sh,1
维基百科,1
殺害,1
行為,1
單獨,1
組織,1
屠殺,1
挑拨,1
整件,1
渗透率,1
药品,1
监督局,1
签发,1
急性,1
共患,1
病死率,1
病例,1
病犬,1
宿主,1
根绳,1
脑补,1
灵长类,1
万年,1
卑微,1
塑造成,1
生态平衡,1
位中,1
堪称,1
掠食,1
残羹剩饭,1
草皮,1
露水,1
爬行,1
改稻,1
TNR,1
兢兢业业,1
法反,1
煽动性,1
脑海,1
浮现,1
tm,1
抱佛脚,1
制作,1
偷走,1
老鼠药,1
转换,1
养狗端,1
登记注册,1
手机号,1
民间组织,1
认证,1
违章罚款,1
交完,1
太乱,1
缴清,1
倾家,1
倒产,1
损失险,1
霍霍,1
敲死,1
强度,1
抬高,1
必称,1
道德教育,1
防范,1
环链,1
采纳,1
装作,1
时机,1
助长,1
滥捕,1
教养,1
十块钱,1
特做,1
头衔,1
愚笨,1
礼貌,1
虚心学习,1
言行,1
畅享,1
遗体,1
紧缩,1
敲敲,1
激化矛盾,1
巡逻,1
心里话,1
GGYY,1
指指戳戳,1
伪装,1
丑陋,1
牌坊,1
十条,1
两件,1
死里逃生,1
狂奔,1
回头,1
身影,1
逃进,1
拴住,1
狂吠,1
追怕,1
战战兢兢,1
挣断,1
相隔,1
踩住,1
狗链,1
保住,1
咬破,1
舅舅,1
关紧,1
染病,1
挽回,1
真空,1
落实政策,1
没牵,1
推责,1
密集,1
指引,1
快刀斩乱麻,1
安全形势,1
阶段性,1
会会,1
夜间,1
提防,1
避开,1
威武,1
蠢蠢欲动,1
清晨,1
结群,1
阵阵,1
确信,1
应付,1
垃圾站,1
僵持,1
悻悻,1
妹子,1
出没,1
街头巷尾,1
心理压力,1
山林,1
老家,1
新鲜,1
解救,1
听狗友,1
养心,1
焕心,1
中药,1
欢呼雀跃,1
臭虫,1
灭鼠,1
法制,1
客体,1
公权,1
私权,1
试想,1
非法拘禁,1
入罪,1
强制力,1
道德品质,1
真视,1
助养,1
结局,1
卡死,1
售出,1
近日,1
两岁半,1
恶劣行径,1
净化,1
壮硕,1
参观,1
两层,1
摆满,1
琳琅满目,1
眼花缭乱,1
真真切切,1
真切,1
创新,1
定位,1
精准,1
承载,1
孤独,1
慵懒,1
猜想,1
属性,1
家犬,1
标记,1
民兵,1
废止,1
闪光,1
会显,1
罪恶感,1
惯例,1
智子,1
喊道,1
幻觉,1
旗帜,1
紧缺,1
留猫,1
食物残渣,1
符合规定,1
制度性,1
流入,1
食品安全,1
盥洗室,1
正法,1
相片,1
全区,1
族群,1
发动战争,1
阻碍,1
传统意义,1
正题,1
两头,1
关进,1
协议,1
回访,1
千元,1
百元,1
勒紧,1
成堆,1
异烟肼,1
引擎,1
暴涨,1
注定,1
拉满,1
良策,1
前排,1
nao,1
养狗配,1
征集,1
实名制,1
宠物市场,1
烟酒,1
平均寿命,1
迅捷,1
颜值,1
镇楼,1
没长,1
生产资料,1
蘑菇,1
凝聚,1
售卖,1
重申,1
病毒源,1
带回,1
恐怖分子,1
切勿,1
屠宰厂,1
mp,1
weixin,1
书籍,1
黑猫,1
爱伦,1
圆圈,1
耗材,1
鸡瘟,1
鸡圈,1
口蹄疫,1
骆驼,1
水里,1
案子,1
黑帮,1
缅甸,1
诈骗,1
团伙,1
扫清,1
迪南,1
预演,1
咒骂,1
乱串,1
实证,1
中国籍,1
偷渡,1
统治,1
活计,1
出动,1
镇压,1
群体性,1
成倍,1
湘潭,1
野熊,1
野老,1
虎跑,1
绝情,1
作怪,1
豺狼,1
羊圈,1
坏主意,1
十分钟,1
莫非,1
信口开河,1
提屋,1
国度,1
制约,1
没栓绳,1
拜狗,1
教势,1
忍耐,1
烧烤店,1
议事日程,1
头脑,1
名头,1
长辈,1
装糊涂,1
文字游戏,1
挥霍,1
败露,1
巧克力,1
违背,1
愧疚,1
辜鸿铭,1
温驯,1
挥刀,1
劣根性,1
原谅,1
坏事,1
乱象,1
做作,1
现实生活,1
懦弱,1
怒火,1
施虐,1
时时刻刻,1
毋庸置疑,1
千万条,1
两亿,1
审批,1
师爷,1
罕见,1
作恶,1
包揽,1
But,1
担保,1
刑责,1
龟玉,1
行凶,1
犯事,1
积极意义,1
问责,1
建筑,1
优先级,1
妥善,1
长久,1
虐爱,1
狭窄,1
活禽,1
捕狗队,1
社会制度,1
英美,1
法系,1
庆幸,1
矫饰,1
孙志刚,1
收容遣送,1
国民政府,1
抵抗,1
doc,1
河北,1
保定,1
拖拽,1
广西,1
惨遭,1
动脉,1
遵义,1
崇明,1
htm,1
鹤壁,1
山东,1
章丘,1
两犬,1
sd,1
detail,1
牡丹江,1
游玩,1
xw,1
营口,1
politics,1
people,1
萧山,1
衡阳,1
hunan,1
ifeng,1
山西,1
吕梁,1
躲开,1
优点,1
带点,1
抗疫,1
制造矛盾,1
撕掉,1
全责,1
补杀,1
开放性,1
情境,1
养护,1
推断,1
平衡,1
辞退,1
新闻报道,1
ZF,1
劝导,1
article,1
没断,1
眼睁睁,1
标点符号,1
中肯,1
口吻,1
古代,1
渎职,1
警告,1
养狗成,1
公安局,1
警情,1
买块,1
养老金,1
储蓄,1
杰克,1
辣条,1
花心思,1
台面,1
右手,1
瓦斯,1
MC,1
牌场,1
粗鄙,1
精式,1
研究院,1
院长,1
范勇鹏,1
改俩,1
两百万,1
天父,1
装备,1
美洲,1
总共,1
镇里,1
年轻,1
出警,1
询问,1
蛇皮袋,1
漳州,1
溺毙,1
国企,1
家属,1
业委会,1
赤裸,1
脖颈,1
锤子,1
守恒定律,1
霸主,1
茹毛饮血,1
毛茸茸,1
劳作,1
骡子,1
瞎眼,1
脏话,1
两张,1
扇贝,1
伤口,1
撒盐,1
海洋,1
缺少,1
心怀鬼胎,1
顶端,1
平权,1
普通群众,1
帅哥美女,1
演员,1
非刚,1
消费力,1
岁月,1
网贷,1
构成威胁,1
紧迫感,1
淹死,1
取缔,1
粉红,1
牛头梗,1
辱华,1
汉奸,1
邦交,1
盟友,1
迪士尼,1
占便宜,1
吃亏,1
格言,1
国服,1
玩法,1
慈善家,1
真相,1
中国网民,1
执行力,1
期盼,1
中科院,1
院士,1
智障,1
劲敌,1
梦幻,1
美感,1
投射,1
路线,1
老乡,1
尴尬,1
整死,1
亲爹,1
出出气,1
截取,1
意淫,1
征服,1
全收,1
白日梦,1
语录,1
代表性,1
劝爱狗,1
喝足,1
安狗,1
义愤填膺,1
解恨,1
老中,1
王承恩,1
猴姆,1
全文完,1
作品,1
德勒,1
太精彩,1
高考,1
杨迪燕,1
日入,1
贵价,1
赡养,1
带口,1
声带,1
移花接木,1
分配,1
担架,1
千斤顶,1
探测仪,1
解放军,1
消防官兵,1
组成,1
救援队,1
灾区,1
黄狗,1
炸裂,1
知性,1
狗发,1
完声,1
眼拙,1
出处,1
年末,1
金球奖,1
Ricky,1
Gervais,1
毒舌,1
全开,1
完整版,1
tv,1
太行,1
简稚,1
保卫国家,1
幼女,1
微博抖音,1
闹翻天,1
舆情,1
封控,1
高危,1
孤立,1
右肾,1
昏迷,1
齐刷刷,1
战线,1
推手,1
遥想,1
外逃,1
诡异,1
国安局,1
敲门,1
富豪,1
凄凄惨惨,1
显出,1
幸福快乐,1
忙忙碌碌,1
养家糊口,1
觉醒,1
作责,1
伸手,1
配谈,1
奴说,1
迟早,1
吃定,1
买条,1
凶狗,1
狗咬狗,1
统统,1
徘徊,1
蚊帐,1
包包,1
谈谈,1
预设立场,1
贯彻,1
严重威胁,1
粘液,1
生物武器,1
幸福生活,1
武松,1
灭虎队,1
听信,1
胡言乱语,1
混淆视听,1
推演,1
保护环境,1
糊涂,1
免费送,1
奉劝,1
养鸡,1
养猪,1
养鱼,1
农场,1
剩饭剩菜,1
糙米,1
熬成,1
肚饿,1
长寿,1
吃番,1
集市,1
卖掉,1
寥寥,1
节假日,1
年老,1
绊倒,1
老狗,1
老太,1
笑容,1
寿终正寝,1
花猫,1
橘猫,1
胖成,1
变相,1
凶猛,1
白眼,1
水库,1
山里,1
优胜劣汰,1
熟悉,1
兴许,1
邂逅,1
气味,1
承包,1
投料,1
引水,1
屋顶,1
电池板,1
水冷,1
风扇,1
拉赞助,1
入股,1
流泪,1
战斧,1
牛排,1
洋芋,1
高速,1
抢劫,1
新疆,1
蛋糕,1
覆盖性,1
太久,1
没闲,1
肉量,1
辩驳,1
作秀,1
全套,1
罗志祥,1
vd,1
source,1
呐喊,1
全魔,1
乱舞,1
身处,1
水深火热,1
警言,1
坐豪车,1
工薪阶层,1
运营,1
心系,1
博文,1
策划,1
设博,1
真性情,1
参考性,1
成分,1
久见菌,1
搅碎,1
找养,1
wb,1
开门,1
沦陷,1
老哥,1
嫖娼,1
出轨,1
德艺双馨,1
艺术家,1
孬子,1
針對,1
幸存,1
合法权益,1
博里,1
商店,1
毛骨悚然,1
遍体鳞伤,1
豪车,1
夏威夷,1
火灾,1
凑出,1
研究生,1
达官显贵,1
亡国,1
更换,1
睡觉,1
亲嘴,1
禽兽,1
养狗税,1
查狗证,1
长春,1
女明星,1
叶璇,1
出差,1
古吉拉特,1
迪安,1
水坑,1
巨热,1
温度,1
驱车,1
兜兜风,1
推敲,1
浅薄,1
弱弱,1
吸血,1
母爱,1
抽血,1
劝阻,1
相遇,1
互帮互助,1
云南昆明,1
暴恐,1
罔顾,1
狂炫,1
熊猫,1
犯傻,1
千奇百怪,1
聊聊,1
侵删,1
采购,1
消耗掉,1
猫伤,1
流动性,1
率低,1
艰巨,1
高水平,1
偏低,1
医疗机构,1
基数,1
表述,1
主说,1
氛围,1
盆满,1
百亿,1
+%,1
终端,1
售价,1
利国利民,1
隐匿,1
暗处,1
扎眼,1
定律,1
号召力,1
存钱,1
报销,1
保持警惕,1
出行,1
层层,1
视角,1
善行,1
树立,1
瓦解,1
答题,1
祸国殃民,1
月入,1
两千,1
银行,1
幸幸,1
苦苦,1
碧桂园,1
烂尾,1
国库,1
倒核,1
沉默,1
饭圈,1
狗粉,1
收缴,1
断章取义,1
明令禁止,1
身材,1
落脚,1
砸锅卖铁,1
贬义词,1
吹声,1
口哨,1
摸摸,1
手里,1
夹子,1
夹走,1
口碑,1
心痛,1
悲伤,1
发芽,1
拥挤,1
私欲,1
前例,1
纯蹭,1
纯喊,1
腿走路,1
诙谐,1
音乐,1
幽默,1
夸赞,1
刚出,1
恶性,1
养禁养,1
说事,1
穷凶极恶,1
医生,1
年伤,1
犬牙,1
养气,1
气死,1
间谍,1
应激,1
部队,1
楼盘,1
生怕,1
千金,1
少爷,1
拍戏,1
名流,1
准没,1
积极行动,1
虚头,1
掏点,1
捐猫,1
银子,1
透漏,1
扣扣,1
活菩萨,1
出头,1
总会,1
造成危害,1
孕残,1
罗圈,1
圈住,1
两声,1
安居,1
乐业,1
退休金,1
千花,1
千买,1
践行,1
重新分配,1
少点,1
合理性,1
深究,1
雇点,1
发条,1
微博强,1
重惩,1
公平正义,1
讨薪,1
网红文,1
黑命贵,1
神牛,1
神狗,1
歌曲,1
体育竞技,1
主角,1
日夜,1
晴雨,1
抓进,1
安抚,1
完毕,1
走入,1
注意事项,1
独处,1
机会主义,1
圈子里,1
绿化带,1
步行,1
挡枪,1
天文数字,1
纸醉金迷,1
省出,1
饭钱,1
服装费,1
珠宝,1
寒狗,1
欢颜,1
火星子,1
两手,1
没招,1
猫哭耗子,1
假慈悲,1
免费发,1
加分,1
重判,1
眼见,1
淌混水,1
脑瓜子,1
挺灵,1
保姆,1
塑造,1
补税,1
叭叭,1
买足,1
清扫,1
掉落,1
豆瓣,1
摇晃,1
